region_id,op_id_v1,guide_id,gene_symbol,type,description
R0001,CT-AAVS1_1,pgRNA11272,AAVS1_1,-,Liu_AASV1
R0001,CT-AAVS1_1,pgRNA11266,AAVS1_1,-,Liu_AASV1
R0001,CT-AAVS1_1,pgRNA11267,AAVS1_1,-,Liu_AASV1
R0001,CT-AAVS1_1,pgRNA11268,AAVS1_1,-,Liu_AASV1
R0001,CT-AAVS1_1,pgRNA11269,AAVS1_1,-,Liu_AASV1
R0001,CT-AAVS1_1,pgRNA11270,AAVS1_1,-,Liu_AASV1
R0001,CT-AAVS1_1,pgRNA11271,AAVS1_1,-,Liu_AASV1
R0001,CT-AAVS1_1,pgRNA11273,AAVS1_1,-,Liu_AASV1
R0001,CT-AAVS1_1,pgRNA11274,AAVS1_1,-,Liu_AASV1
R0001,CT-AAVS1_1,pgRNA11275,AAVS1_1,-,Liu_AASV1
R0002,CT-AAVS1_10,pgRNA11356,AAVS1_10,-,Liu_AASV1
R0002,CT-AAVS1_10,pgRNA11357,AAVS1_10,-,Liu_AASV1
R0002,CT-AAVS1_10,pgRNA11361,AAVS1_10,-,Liu_AASV1
R0002,CT-AAVS1_10,pgRNA11358,AAVS1_10,-,Liu_AASV1
R0002,CT-AAVS1_10,pgRNA11360,AAVS1_10,-,Liu_AASV1
R0002,CT-AAVS1_10,pgRNA11363,AAVS1_10,-,Liu_AASV1
R0002,CT-AAVS1_10,pgRNA11362,AAVS1_10,-,Liu_AASV1
R0002,CT-AAVS1_10,pgRNA11359,AAVS1_10,-,Liu_AASV1
R0003,CT-AAVS1_2,pgRNA11285,AAVS1_2,-,Liu_AASV1
R0003,CT-AAVS1_2,pgRNA11284,AAVS1_2,-,Liu_AASV1
R0003,CT-AAVS1_2,pgRNA11278,AAVS1_2,-,Liu_AASV1
R0003,CT-AAVS1_2,pgRNA11282,AAVS1_2,-,Liu_AASV1
R0003,CT-AAVS1_2,pgRNA11281,AAVS1_2,-,Liu_AASV1
R0003,CT-AAVS1_2,pgRNA11280,AAVS1_2,-,Liu_AASV1
R0003,CT-AAVS1_2,pgRNA11279,AAVS1_2,-,Liu_AASV1
R0003,CT-AAVS1_2,pgRNA11277,AAVS1_2,-,Liu_AASV1
R0003,CT-AAVS1_2,pgRNA11276,AAVS1_2,-,Liu_AASV1
R0003,CT-AAVS1_2,pgRNA11283,AAVS1_2,-,Liu_AASV1
R0004,CT-AAVS1_3,pgRNA11293,AAVS1_3,-,Liu_AASV1
R0004,CT-AAVS1_3,pgRNA11291,AAVS1_3,-,Liu_AASV1
R0004,CT-AAVS1_3,pgRNA11294,AAVS1_3,-,Liu_AASV1
R0004,CT-AAVS1_3,pgRNA11295,AAVS1_3,-,Liu_AASV1
R0004,CT-AAVS1_3,pgRNA11292,AAVS1_3,-,Liu_AASV1
R0004,CT-AAVS1_3,pgRNA11289,AAVS1_3,-,Liu_AASV1
R0004,CT-AAVS1_3,pgRNA11287,AAVS1_3,-,Liu_AASV1
R0004,CT-AAVS1_3,pgRNA11286,AAVS1_3,-,Liu_AASV1
R0004,CT-AAVS1_3,pgRNA11290,AAVS1_3,-,Liu_AASV1
R0004,CT-AAVS1_3,pgRNA11288,AAVS1_3,-,Liu_AASV1
R0005,CT-AAVS1_4,pgRNA11305,AAVS1_4,-,Liu_AASV1
R0005,CT-AAVS1_4,pgRNA11304,AAVS1_4,-,Liu_AASV1
R0005,CT-AAVS1_4,pgRNA11303,AAVS1_4,-,Liu_AASV1
R0005,CT-AAVS1_4,pgRNA11302,AAVS1_4,-,Liu_AASV1
R0005,CT-AAVS1_4,pgRNA11296,AAVS1_4,-,Liu_AASV1
R0005,CT-AAVS1_4,pgRNA11300,AAVS1_4,-,Liu_AASV1
R0005,CT-AAVS1_4,pgRNA11299,AAVS1_4,-,Liu_AASV1
R0005,CT-AAVS1_4,pgRNA11298,AAVS1_4,-,Liu_AASV1
R0005,CT-AAVS1_4,pgRNA11301,AAVS1_4,-,Liu_AASV1
R0005,CT-AAVS1_4,pgRNA11297,AAVS1_4,-,Liu_AASV1
R0006,CT-AAVS1_5,pgRNA11315,AAVS1_5,-,Liu_AASV1
R0006,CT-AAVS1_5,pgRNA11314,AAVS1_5,-,Liu_AASV1
R0006,CT-AAVS1_5,pgRNA11312,AAVS1_5,-,Liu_AASV1
R0006,CT-AAVS1_5,pgRNA11311,AAVS1_5,-,Liu_AASV1
R0006,CT-AAVS1_5,pgRNA11313,AAVS1_5,-,Liu_AASV1
R0006,CT-AAVS1_5,pgRNA11308,AAVS1_5,-,Liu_AASV1
R0006,CT-AAVS1_5,pgRNA11307,AAVS1_5,-,Liu_AASV1
R0006,CT-AAVS1_5,pgRNA11306,AAVS1_5,-,Liu_AASV1
R0006,CT-AAVS1_5,pgRNA11309,AAVS1_5,-,Liu_AASV1
R0006,CT-AAVS1_5,pgRNA11310,AAVS1_5,-,Liu_AASV1
R0007,CT-AAVS1_6,pgRNA11324,AAVS1_6,-,Liu_AASV1
R0007,CT-AAVS1_6,pgRNA11316,AAVS1_6,-,Liu_AASV1
R0007,CT-AAVS1_6,pgRNA11317,AAVS1_6,-,Liu_AASV1
R0007,CT-AAVS1_6,pgRNA11318,AAVS1_6,-,Liu_AASV1
R0007,CT-AAVS1_6,pgRNA11319,AAVS1_6,-,Liu_AASV1
R0007,CT-AAVS1_6,pgRNA11320,AAVS1_6,-,Liu_AASV1
R0007,CT-AAVS1_6,pgRNA11321,AAVS1_6,-,Liu_AASV1
R0007,CT-AAVS1_6,pgRNA11322,AAVS1_6,-,Liu_AASV1
R0007,CT-AAVS1_6,pgRNA11323,AAVS1_6,-,Liu_AASV1
R0007,CT-AAVS1_6,pgRNA11325,AAVS1_6,-,Liu_AASV1
R0008,CT-AAVS1_7,pgRNA11327,AAVS1_7,-,Liu_AASV1
R0008,CT-AAVS1_7,pgRNA11328,AAVS1_7,-,Liu_AASV1
R0008,CT-AAVS1_7,pgRNA11329,AAVS1_7,-,Liu_AASV1
R0008,CT-AAVS1_7,pgRNA11330,AAVS1_7,-,Liu_AASV1
R0008,CT-AAVS1_7,pgRNA11331,AAVS1_7,-,Liu_AASV1
R0008,CT-AAVS1_7,pgRNA11332,AAVS1_7,-,Liu_AASV1
R0008,CT-AAVS1_7,pgRNA11333,AAVS1_7,-,Liu_AASV1
R0008,CT-AAVS1_7,pgRNA11334,AAVS1_7,-,Liu_AASV1
R0008,CT-AAVS1_7,pgRNA11335,AAVS1_7,-,Liu_AASV1
R0008,CT-AAVS1_7,pgRNA11326,AAVS1_7,-,Liu_AASV1
R0009,CT-AAVS1_8,pgRNA11345,AAVS1_8,-,Liu_AASV1
R0009,CT-AAVS1_8,pgRNA11344,AAVS1_8,-,Liu_AASV1
R0009,CT-AAVS1_8,pgRNA11341,AAVS1_8,-,Liu_AASV1
R0009,CT-AAVS1_8,pgRNA11343,AAVS1_8,-,Liu_AASV1
R0009,CT-AAVS1_8,pgRNA11339,AAVS1_8,-,Liu_AASV1
R0009,CT-AAVS1_8,pgRNA11340,AAVS1_8,-,Liu_AASV1
R0009,CT-AAVS1_8,pgRNA11336,AAVS1_8,-,Liu_AASV1
R0009,CT-AAVS1_8,pgRNA11342,AAVS1_8,-,Liu_AASV1
R0009,CT-AAVS1_8,pgRNA11338,AAVS1_8,-,Liu_AASV1
R0009,CT-AAVS1_8,pgRNA11337,AAVS1_8,-,Liu_AASV1
R0010,CT-AAVS1_9,pgRNA11346,AAVS1_9,-,Liu_AASV1
R0010,CT-AAVS1_9,pgRNA11347,AAVS1_9,-,Liu_AASV1
R0010,CT-AAVS1_9,pgRNA11348,AAVS1_9,-,Liu_AASV1
R0010,CT-AAVS1_9,pgRNA11349,AAVS1_9,-,Liu_AASV1
R0010,CT-AAVS1_9,pgRNA11351,AAVS1_9,-,Liu_AASV1
R0010,CT-AAVS1_9,pgRNA11352,AAVS1_9,-,Liu_AASV1
R0010,CT-AAVS1_9,pgRNA11353,AAVS1_9,-,Liu_AASV1
R0010,CT-AAVS1_9,pgRNA11354,AAVS1_9,-,Liu_AASV1
R0010,CT-AAVS1_9,pgRNA11355,AAVS1_9,-,Liu_AASV1
R0010,CT-AAVS1_9,pgRNA11350,AAVS1_9,-,Liu_AASV1
R0011,CT-ABL1,pgRNA10739,ABL1,+A,ORF
R0011,CT-ABL1,pgRNA10738,ABL1,+A,ORF
R0011,CT-ABL1,pgRNA10736,ABL1,+A,ORF
R0011,CT-ABL1,pgRNA10737,ABL1,+A,ORF
R0012,CT-ACVR1B,pgRNA11160,ACVR1B,+R,ORF
R0012,CT-ACVR1B,pgRNA11159,ACVR1B,+R,ORF
R0012,CT-ACVR1B,pgRNA11158,ACVR1B,+R,ORF
R0012,CT-ACVR1B,pgRNA11157,ACVR1B,+R,ORF
R0013,CT-ADAMTSL3,pgRNA11373,ADAMTSL3,-,PC_introns
R0013,CT-ADAMTSL3,pgRNA11372,ADAMTSL3,-,PC_introns
R0013,CT-ADAMTSL3,pgRNA11364,ADAMTSL3,-,PC_introns
R0013,CT-ADAMTSL3,pgRNA11370,ADAMTSL3,-,PC_introns
R0013,CT-ADAMTSL3,pgRNA11368,ADAMTSL3,-,PC_introns
R0013,CT-ADAMTSL3,pgRNA11367,ADAMTSL3,-,PC_introns
R0013,CT-ADAMTSL3,pgRNA11366,ADAMTSL3,-,PC_introns
R0013,CT-ADAMTSL3,pgRNA11365,ADAMTSL3,-,PC_introns
R0013,CT-ADAMTSL3,pgRNA11371,ADAMTSL3,-,PC_introns
R0013,CT-ADAMTSL3,pgRNA11369,ADAMTSL3,-,PC_introns
R0014,CT-ADAT1,pgRNA10786,ADAT1,+R,ORF
R0014,CT-ADAT1,pgRNA10959,ADAT1,+R,TSS
R0014,CT-ADAT1,pgRNA10960,ADAT1,+R,TSS
R0014,CT-ADAT1,pgRNA10962,ADAT1,+R,TSS
R0014,CT-ADAT1,pgRNA10963,ADAT1,+R,TSS
R0014,CT-ADAT1,pgRNA10784,ADAT1,+R,ORF
R0014,CT-ADAT1,pgRNA10783,ADAT1,+R,ORF
R0014,CT-ADAT1,pgRNA10782,ADAT1,+R,ORF
R0014,CT-ADAT1,pgRNA10785,ADAT1,+R,ORF
R0014,CT-ADAT1,pgRNA10961,ADAT1,+R,TSS
R0015,CT-AKT1,pgRNA10967,AKT1,+R,TSS
R0015,CT-AKT1,pgRNA10968,AKT1,+R,TSS
R0015,CT-AKT1,pgRNA10966,AKT1,+R,TSS
R0015,CT-AKT1,pgRNA10964,AKT1,+R,TSS
R0015,CT-AKT1,pgRNA10787,AKT1,+R,ORF
R0015,CT-AKT1,pgRNA10788,AKT1,+R,ORF
R0015,CT-AKT1,pgRNA10789,AKT1,+R,ORF
R0015,CT-AKT1,pgRNA10965,AKT1,+R,TSS
R0015,CT-AKT1,pgRNA10790,AKT1,+R,ORF
R0015,CT-AKT1,pgRNA10791,AKT1,+R,ORF
R0016,CT-ALDH16A1,pgRNA10796,ALDH16A1,+R,ORF
R0016,CT-ALDH16A1,pgRNA10969,ALDH16A1,+R,TSS
R0016,CT-ALDH16A1,pgRNA10970,ALDH16A1,+R,TSS
R0016,CT-ALDH16A1,pgRNA10794,ALDH16A1,+R,ORF
R0016,CT-ALDH16A1,pgRNA10972,ALDH16A1,+R,TSS
R0016,CT-ALDH16A1,pgRNA10973,ALDH16A1,+R,TSS
R0016,CT-ALDH16A1,pgRNA10793,ALDH16A1,+R,ORF
R0016,CT-ALDH16A1,pgRNA10792,ALDH16A1,+R,ORF
R0016,CT-ALDH16A1,pgRNA10795,ALDH16A1,+R,ORF
R0016,CT-ALDH16A1,pgRNA10971,ALDH16A1,+R,TSS
R0017,CT-AMER1,pgRNA11162,AMER1,+R,ORF
R0017,CT-AMER1,pgRNA11161,AMER1,+R,ORF
R0017,CT-AMER1,pgRNA11164,AMER1,+R,ORF
R0017,CT-AMER1,pgRNA11165,AMER1,+R,ORF
R0017,CT-AMER1,pgRNA11163,AMER1,+R,ORF
R0018,CT-ANKRD22,pgRNA11374,ANKRD22,-,PC_introns
R0018,CT-ANKRD22,pgRNA11375,ANKRD22,-,PC_introns
R0018,CT-ANKRD22,pgRNA11376,ANKRD22,-,PC_introns
R0018,CT-ANKRD22,pgRNA11377,ANKRD22,-,PC_introns
R0018,CT-ANKRD22,pgRNA11378,ANKRD22,-,PC_introns
R0018,CT-ANKRD22,pgRNA11379,ANKRD22,-,PC_introns
R0018,CT-ANKRD22,pgRNA11380,ANKRD22,-,PC_introns
R0018,CT-ANKRD22,pgRNA11381,ANKRD22,-,PC_introns
R0018,CT-ANKRD22,pgRNA11382,ANKRD22,-,PC_introns
R0019,CT-APC,pgRNA11166,APC,+R,ORF
R0019,CT-APC,pgRNA11167,APC,+R,ORF
R0019,CT-APC,pgRNA11168,APC,+R,ORF
R0019,CT-APC,pgRNA11169,APC,+R,ORF
R0019,CT-APC,pgRNA11170,APC,+R,ORF
R0020,CT-AQP1,pgRNA10740,AQP1,+A,ORF
R0020,CT-AQP1,pgRNA10742,AQP1,+A,ORF
R0020,CT-AQP1,pgRNA10741,AQP1,+A,ORF
R0020,CT-AQP1,pgRNA10744,AQP1,+A,ORF
R0020,CT-AQP1,pgRNA10743,AQP1,+A,ORF
R0021,CT-ARID1A,pgRNA11172,ARID1A,+R,ORF
R0021,CT-ARID1A,pgRNA11174,ARID1A,+R,ORF
R0021,CT-ARID1A,pgRNA11175,ARID1A,+R,ORF
R0021,CT-ARID1A,pgRNA11173,ARID1A,+R,ORF
R0021,CT-ARID1A,pgRNA11171,ARID1A,+R,ORF
R0022,CT-ARID1B,pgRNA11177,ARID1B,+R,ORF
R0022,CT-ARID1B,pgRNA11178,ARID1B,+R,ORF
R0022,CT-ARID1B,pgRNA11179,ARID1B,+R,ORF
R0022,CT-ARID1B,pgRNA11180,ARID1B,+R,ORF
R0022,CT-ARID1B,pgRNA11176,ARID1B,+R,ORF
R0023,CT-ARID2,pgRNA11181,ARID2,+R,ORF
R0023,CT-ARID2,pgRNA11182,ARID2,+R,ORF
R0023,CT-ARID2,pgRNA11183,ARID2,+R,ORF
R0023,CT-ARID2,pgRNA11184,ARID2,+R,ORF
R0023,CT-ARID2,pgRNA11185,ARID2,+R,ORF
R0024,CT-ASAP,pgRNA11391,ASAP,-,PC_introns
R0024,CT-ASAP,pgRNA11392,ASAP,-,PC_introns
R0024,CT-ASAP,pgRNA11383,ASAP,-,PC_introns
R0024,CT-ASAP,pgRNA11385,ASAP,-,PC_introns
R0024,CT-ASAP,pgRNA11387,ASAP,-,PC_introns
R0024,CT-ASAP,pgRNA11388,ASAP,-,PC_introns
R0024,CT-ASAP,pgRNA11390,ASAP,-,PC_introns
R0024,CT-ASAP,pgRNA11384,ASAP,-,PC_introns
R0024,CT-ASAP,pgRNA11389,ASAP,-,PC_introns
R0024,CT-ASAP,pgRNA11386,ASAP,-,PC_introns
R0025,CT-ASXL1,pgRNA11186,ASXL1,+R,ORF
R0025,CT-ASXL1,pgRNA11190,ASXL1,+R,ORF
R0025,CT-ASXL1,pgRNA11187,ASXL1,+R,ORF
R0025,CT-ASXL1,pgRNA11188,ASXL1,+R,ORF
R0025,CT-ASXL1,pgRNA11189,ASXL1,+R,ORF
R0026,CT-ATM,pgRNA10975,ATM,+R,TSS
R0026,CT-ATM,pgRNA10976,ATM,+R,TSS
R0026,CT-ATM,pgRNA10977,ATM,+R,TSS
R0026,CT-ATM,pgRNA10978,ATM,+R,TSS
R0026,CT-ATM,pgRNA10800,ATM,+R,ORF
R0026,CT-ATM,pgRNA10799,ATM,+R,ORF
R0026,CT-ATM,pgRNA10798,ATM,+R,ORF
R0026,CT-ATM,pgRNA10797,ATM,+R,ORF
R0026,CT-ATM,pgRNA10801,ATM,+R,ORF
R0026,CT-ATM,pgRNA10974,ATM,+R,TSS
R0027,CT-ATRX,pgRNA11195,ATRX,+R,ORF
R0027,CT-ATRX,pgRNA11194,ATRX,+R,ORF
R0027,CT-ATRX,pgRNA11193,ATRX,+R,ORF
R0027,CT-ATRX,pgRNA11192,ATRX,+R,ORF
R0027,CT-ATRX,pgRNA11191,ATRX,+R,ORF
R0028,CT-AXIN1,pgRNA11199,AXIN1,+R,ORF
R0028,CT-AXIN1,pgRNA11198,AXIN1,+R,ORF
R0028,CT-AXIN1,pgRNA11197,AXIN1,+R,ORF
R0028,CT-AXIN1,pgRNA11196,AXIN1,+R,ORF
R0028,CT-AXIN1,pgRNA11200,AXIN1,+R,ORF
R0029,CT-B2M,pgRNA11205,B2M,+R,ORF
R0029,CT-B2M,pgRNA11202,B2M,+R,ORF
R0029,CT-B2M,pgRNA11201,B2M,+R,ORF
R0029,CT-B2M,pgRNA11204,B2M,+R,ORF
R0029,CT-B2M,pgRNA11203,B2M,+R,ORF
R0030,CT-BAP1,pgRNA11209,BAP1,+R,ORF
R0030,CT-BAP1,pgRNA11206,BAP1,+R,ORF
R0030,CT-BAP1,pgRNA11207,BAP1,+R,ORF
R0030,CT-BAP1,pgRNA11208,BAP1,+R,ORF
R0030,CT-BAP1,pgRNA11210,BAP1,+R,ORF
R0031,CT-BCOR,pgRNA11211,BCOR,+R,ORF
R0031,CT-BCOR,pgRNA11212,BCOR,+R,ORF
R0031,CT-BCOR,pgRNA11213,BCOR,+R,ORF
R0031,CT-BCOR,pgRNA11214,BCOR,+R,ORF
R0031,CT-BCOR,pgRNA11215,BCOR,+R,ORF
R0032,CT-BECN1,pgRNA10804,BECN1,+R,ORF
R0032,CT-BECN1,pgRNA10805,BECN1,+R,ORF
R0032,CT-BECN1,pgRNA10806,BECN1,+R,ORF
R0032,CT-BECN1,pgRNA10979,BECN1,+R,TSS
R0032,CT-BECN1,pgRNA10980,BECN1,+R,TSS
R0032,CT-BECN1,pgRNA10981,BECN1,+R,TSS
R0032,CT-BECN1,pgRNA10982,BECN1,+R,TSS
R0032,CT-BECN1,pgRNA10983,BECN1,+R,TSS
R0032,CT-BECN1,pgRNA10803,BECN1,+R,ORF
R0032,CT-BECN1,pgRNA10802,BECN1,+R,ORF
R0033,CT-BRAF,pgRNA10745,BRAF,+A,ORF
R0033,CT-BRAF,pgRNA10746,BRAF,+A,ORF
R0033,CT-BRAF,pgRNA10747,BRAF,+A,ORF
R0033,CT-BRAF,pgRNA10748,BRAF,+A,ORF
R0033,CT-BRAF,pgRNA10749,BRAF,+A,ORF
R0034,CT-BRCA1,pgRNA11220,BRCA1,+R,ORF
R0034,CT-BRCA1,pgRNA11219,BRCA1,+R,ORF
R0034,CT-BRCA1,pgRNA11218,BRCA1,+R,ORF
R0034,CT-BRCA1,pgRNA11216,BRCA1,+R,ORF
R0034,CT-BRCA1,pgRNA11217,BRCA1,+R,ORF
R0035,CT-BRCA2,pgRNA10807,BRCA2,+R,ORF
R0035,CT-BRCA2,pgRNA10808,BRCA2,+R,ORF
R0035,CT-BRCA2,pgRNA10809,BRCA2,+R,ORF
R0035,CT-BRCA2,pgRNA10986,BRCA2,+R,TSS
R0035,CT-BRCA2,pgRNA10811,BRCA2,+R,ORF
R0035,CT-BRCA2,pgRNA10984,BRCA2,+R,TSS
R0035,CT-BRCA2,pgRNA10985,BRCA2,+R,TSS
R0035,CT-BRCA2,pgRNA10988,BRCA2,+R,TSS
R0035,CT-BRCA2,pgRNA10987,BRCA2,+R,TSS
R0035,CT-BRCA2,pgRNA10810,BRCA2,+R,ORF
R0036,CT-C1R,pgRNA10813,C1R,+R,ORF
R0036,CT-C1R,pgRNA10812,C1R,+R,ORF
R0036,CT-C1R,pgRNA10816,C1R,+R,ORF
R0036,CT-C1R,pgRNA10991,C1R,+R,TSS
R0036,CT-C1R,pgRNA10990,C1R,+R,TSS
R0036,CT-C1R,pgRNA10989,C1R,+R,TSS
R0036,CT-C1R,pgRNA10815,C1R,+R,ORF
R0036,CT-C1R,pgRNA10992,C1R,+R,TSS
R0036,CT-C1R,pgRNA10814,C1R,+R,ORF
R0037,CT-CASP8,pgRNA11223,CASP8,+R,ORF
R0037,CT-CASP8,pgRNA11225,CASP8,+R,ORF
R0037,CT-CASP8,pgRNA11224,CASP8,+R,ORF
R0037,CT-CASP8,pgRNA11222,CASP8,+R,ORF
R0037,CT-CASP8,pgRNA11221,CASP8,+R,ORF
R0038,CT-CBL,pgRNA10754,CBL,+A,ORF
R0038,CT-CBL,pgRNA10753,CBL,+A,ORF
R0038,CT-CBL,pgRNA10752,CBL,+A,ORF
R0038,CT-CBL,pgRNA10751,CBL,+A,ORF
R0038,CT-CBL,pgRNA10750,CBL,+A,ORF
R0039,CT-CCND1,pgRNA10687,CCND1,+A,TSS
R0039,CT-CCND1,pgRNA10639,CCND1,+A,ORF
R0039,CT-CCND1,pgRNA10640,CCND1,+A,ORF
R0039,CT-CCND1,pgRNA10641,CCND1,+A,ORF
R0039,CT-CCND1,pgRNA10642,CCND1,+A,ORF
R0039,CT-CCND1,pgRNA10686,CCND1,+A,TSS
R0039,CT-CCND1,pgRNA10688,CCND1,+A,TSS
R0039,CT-CCND1,pgRNA10689,CCND1,+A,TSS
R0039,CT-CCND1,pgRNA10638,CCND1,+A,ORF
R0039,CT-CCND1,pgRNA10690,CCND1,+A,TSS
R0040,CT-CDC73,pgRNA11230,CDC73,+R,ORF
R0040,CT-CDC73,pgRNA11229,CDC73,+R,ORF
R0040,CT-CDC73,pgRNA11228,CDC73,+R,ORF
R0040,CT-CDC73,pgRNA11227,CDC73,+R,ORF
R0040,CT-CDC73,pgRNA11226,CDC73,+R,ORF
R0041,CT-CDH1,pgRNA11233,CDH1,+R,ORF
R0041,CT-CDH1,pgRNA11232,CDH1,+R,ORF
R0041,CT-CDH1,pgRNA11231,CDH1,+R,ORF
R0041,CT-CDH1,pgRNA11235,CDH1,+R,ORF
R0041,CT-CDH1,pgRNA11234,CDH1,+R,ORF
R0042,CT-CDH18,pgRNA11238,CDH18,+R,ORF
R0042,CT-CDH18,pgRNA11237,CDH18,+R,ORF
R0042,CT-CDH18,pgRNA11236,CDH18,+R,ORF
R0042,CT-CDH18,pgRNA11239,CDH18,+R,ORF
R0042,CT-CDH18,pgRNA11240,CDH18,+R,ORF
R0043,CT-CDKN2A,pgRNA11243,CDKN2A,+R,ORF
R0043,CT-CDKN2A,pgRNA11245,CDKN2A,+R,ORF
R0043,CT-CDKN2A,pgRNA11242,CDKN2A,+R,ORF
R0043,CT-CDKN2A,pgRNA11241,CDKN2A,+R,ORF
R0043,CT-CDKN2A,pgRNA11244,CDKN2A,+R,ORF
R0044,CT-CEBPA,pgRNA11246,CEBPA,+R,ORF
R0044,CT-CEBPA,pgRNA11248,CEBPA,+R,ORF
R0044,CT-CEBPA,pgRNA11247,CEBPA,+R,ORF
R0044,CT-CEBPA,pgRNA11249,CEBPA,+R,ORF
R0044,CT-CEBPA,pgRNA11250,CEBPA,+R,ORF
R0045,CT-CIC,pgRNA11251,CIC,+R,ORF
R0045,CT-CIC,pgRNA11252,CIC,+R,ORF
R0045,CT-CIC,pgRNA11253,CIC,+R,ORF
R0045,CT-CIC,pgRNA11254,CIC,+R,ORF
R0045,CT-CIC,pgRNA11255,CIC,+R,ORF
R0046,CT-CLEC2B,pgRNA10820,CLEC2B,+R,ORF
R0046,CT-CLEC2B,pgRNA10817,CLEC2B,+R,ORF
R0046,CT-CLEC2B,pgRNA10997,CLEC2B,+R,TSS
R0046,CT-CLEC2B,pgRNA10996,CLEC2B,+R,TSS
R0046,CT-CLEC2B,pgRNA10995,CLEC2B,+R,TSS
R0046,CT-CLEC2B,pgRNA10818,CLEC2B,+R,ORF
R0046,CT-CLEC2B,pgRNA10993,CLEC2B,+R,TSS
R0046,CT-CLEC2B,pgRNA10821,CLEC2B,+R,ORF
R0046,CT-CLEC2B,pgRNA10819,CLEC2B,+R,ORF
R0046,CT-CLEC2B,pgRNA10994,CLEC2B,+R,TSS
R0047,CT-CLSTN2,pgRNA11394,CLSTN2,-,PC_introns
R0047,CT-CLSTN2,pgRNA11401,CLSTN2,-,PC_introns
R0047,CT-CLSTN2,pgRNA11400,CLSTN2,-,PC_introns
R0047,CT-CLSTN2,pgRNA11399,CLSTN2,-,PC_introns
R0047,CT-CLSTN2,pgRNA11398,CLSTN2,-,PC_introns
R0047,CT-CLSTN2,pgRNA11397,CLSTN2,-,PC_introns
R0047,CT-CLSTN2,pgRNA11396,CLSTN2,-,PC_introns
R0047,CT-CLSTN2,pgRNA11395,CLSTN2,-,PC_introns
R0047,CT-CLSTN2,pgRNA11393,CLSTN2,-,PC_introns
R0047,CT-CLSTN2,pgRNA11402,CLSTN2,-,PC_introns
R0048,CT-CLSTN3,pgRNA10826,CLSTN3,+R,ORF
R0048,CT-CLSTN3,pgRNA10824,CLSTN3,+R,ORF
R0048,CT-CLSTN3,pgRNA10822,CLSTN3,+R,ORF
R0048,CT-CLSTN3,pgRNA10823,CLSTN3,+R,ORF
R0048,CT-CLSTN3,pgRNA10825,CLSTN3,+R,ORF
R0048,CT-CLSTN3,pgRNA10998,CLSTN3,+R,TSS
R0048,CT-CLSTN3,pgRNA10999,CLSTN3,+R,TSS
R0048,CT-CLSTN3,pgRNA11000,CLSTN3,+R,TSS
R0048,CT-CLSTN3,pgRNA11001,CLSTN3,+R,TSS
R0048,CT-CLSTN3,pgRNA11002,CLSTN3,+R,TSS
R0049,CT-CREBBP,pgRNA11256,CREBBP,+R,ORF
R0049,CT-CREBBP,pgRNA11257,CREBBP,+R,ORF
R0049,CT-CREBBP,pgRNA11258,CREBBP,+R,ORF
R0049,CT-CREBBP,pgRNA11259,CREBBP,+R,ORF
R0049,CT-CREBBP,pgRNA11260,CREBBP,+R,ORF
R0050,CT-CTNNB1,pgRNA10756,CTNNB1,+A,ORF
R0050,CT-CTNNB1,pgRNA10755,CTNNB1,+A,ORF
R0050,CT-CTNNB1,pgRNA10757,CTNNB1,+A,ORF
R0051,CT-CYLD,pgRNA11261,CYLD,+R,ORF
R0051,CT-CYLD,pgRNA11265,CYLD,+R,ORF
R0051,CT-CYLD,pgRNA11264,CYLD,+R,ORF
R0051,CT-CYLD,pgRNA11262,CYLD,+R,ORF
R0051,CT-CYLD,pgRNA11263,CYLD,+R,ORF
R0052,CT-DAG1,pgRNA11007,DAG1,+R,TSS
R0052,CT-DAG1,pgRNA11006,DAG1,+R,TSS
R0052,CT-DAG1,pgRNA11005,DAG1,+R,TSS
R0052,CT-DAG1,pgRNA10827,DAG1,+R,ORF
R0052,CT-DAG1,pgRNA10828,DAG1,+R,ORF
R0052,CT-DAG1,pgRNA11004,DAG1,+R,TSS
R0052,CT-DAG1,pgRNA11003,DAG1,+R,TSS
R0052,CT-DAG1,pgRNA10831,DAG1,+R,ORF
R0052,CT-DAG1,pgRNA10830,DAG1,+R,ORF
R0052,CT-DAG1,pgRNA10829,DAG1,+R,ORF
R0053,CT-DMD,pgRNA11411,DMD,-,PC_introns
R0053,CT-DMD,pgRNA11410,DMD,-,PC_introns
R0053,CT-DMD,pgRNA11404,DMD,-,PC_introns
R0053,CT-DMD,pgRNA11409,DMD,-,PC_introns
R0053,CT-DMD,pgRNA11408,DMD,-,PC_introns
R0053,CT-DMD,pgRNA11407,DMD,-,PC_introns
R0053,CT-DMD,pgRNA11406,DMD,-,PC_introns
R0053,CT-DMD,pgRNA11405,DMD,-,PC_introns
R0053,CT-DMD,pgRNA11412,DMD,-,PC_introns
R0053,CT-DMD,pgRNA11403,DMD,-,PC_introns
R0054,CT-DNAH6,pgRNA11417,DNAH6,-,PC_introns
R0054,CT-DNAH6,pgRNA11415,DNAH6,-,PC_introns
R0054,CT-DNAH6,pgRNA11421,DNAH6,-,PC_introns
R0054,CT-DNAH6,pgRNA11413,DNAH6,-,PC_introns
R0054,CT-DNAH6,pgRNA11420,DNAH6,-,PC_introns
R0054,CT-DNAH6,pgRNA11419,DNAH6,-,PC_introns
R0054,CT-DNAH6,pgRNA11418,DNAH6,-,PC_introns
R0054,CT-DNAH6,pgRNA11416,DNAH6,-,PC_introns
R0054,CT-DNAH6,pgRNA11422,DNAH6,-,PC_introns
R0054,CT-DNAH6,pgRNA11414,DNAH6,-,PC_introns
R0055,CT-DNMT1,pgRNA10758,DNMT1,+A,ORF
R0055,CT-DNMT1,pgRNA10759,DNMT1,+A,ORF
R0055,CT-DNMT1,pgRNA10762,DNMT1,+A,ORF
R0055,CT-DNMT1,pgRNA10760,DNMT1,+A,ORF
R0055,CT-DNMT1,pgRNA10761,DNMT1,+A,ORF
R0056,CT-DNMT3A,pgRNA10767,DNMT3A,+A,ORF
R0056,CT-DNMT3A,pgRNA10766,DNMT3A,+A,ORF
R0056,CT-DNMT3A,pgRNA10765,DNMT3A,+A,ORF
R0056,CT-DNMT3A,pgRNA10764,DNMT3A,+A,ORF
R0056,CT-DNMT3A,pgRNA10763,DNMT3A,+A,ORF
R0057,CT-DSCAML1,pgRNA11427,DSCAML1,-,PC_introns
R0057,CT-DSCAML1,pgRNA11430,DSCAML1,-,PC_introns
R0057,CT-DSCAML1,pgRNA11423,DSCAML1,-,PC_introns
R0057,CT-DSCAML1,pgRNA11424,DSCAML1,-,PC_introns
R0057,CT-DSCAML1,pgRNA11425,DSCAML1,-,PC_introns
R0057,CT-DSCAML1,pgRNA11426,DSCAML1,-,PC_introns
R0057,CT-DSCAML1,pgRNA11428,DSCAML1,-,PC_introns
R0057,CT-DSCAML1,pgRNA11429,DSCAML1,-,PC_introns
R0057,CT-DSCAML1,pgRNA11431,DSCAML1,-,PC_introns
R0057,CT-DSCAML1,pgRNA11432,DSCAML1,-,PC_introns
R0058,CT-DTNB,pgRNA11433,DTNB,-,PC_introns
R0058,CT-DTNB,pgRNA11434,DTNB,-,PC_introns
R0058,CT-DTNB,pgRNA11437,DTNB,-,PC_introns
R0058,CT-DTNB,pgRNA11436,DTNB,-,PC_introns
R0058,CT-DTNB,pgRNA11438,DTNB,-,PC_introns
R0058,CT-DTNB,pgRNA11439,DTNB,-,PC_introns
R0058,CT-DTNB,pgRNA11440,DTNB,-,PC_introns
R0058,CT-DTNB,pgRNA11435,DTNB,-,PC_introns
R0059,CT-EGFR,pgRNA10768,EGFR,+A,ORF
R0059,CT-EGFR,pgRNA10769,EGFR,+A,ORF
R0059,CT-EGFR,pgRNA10772,EGFR,+A,ORF
R0059,CT-EGFR,pgRNA10771,EGFR,+A,ORF
R0059,CT-EGFR,pgRNA10770,EGFR,+A,ORF
R0060,CT-EIF2AK4,pgRNA11450,EIF2AK4,-,PC_introns
R0060,CT-EIF2AK4,pgRNA11449,EIF2AK4,-,PC_introns
R0060,CT-EIF2AK4,pgRNA11448,EIF2AK4,-,PC_introns
R0060,CT-EIF2AK4,pgRNA11446,EIF2AK4,-,PC_introns
R0060,CT-EIF2AK4,pgRNA11444,EIF2AK4,-,PC_introns
R0060,CT-EIF2AK4,pgRNA11441,EIF2AK4,-,PC_introns
R0060,CT-EIF2AK4,pgRNA11442,EIF2AK4,-,PC_introns
R0060,CT-EIF2AK4,pgRNA11447,EIF2AK4,-,PC_introns
R0060,CT-EIF2AK4,pgRNA11445,EIF2AK4,-,PC_introns
R0060,CT-EIF2AK4,pgRNA11443,EIF2AK4,-,PC_introns
R0061,CT-EIF3G,pgRNA10694,EIF3G,+A,TSS
R0061,CT-EIF3G,pgRNA10691,EIF3G,+A,TSS
R0061,CT-EIF3G,pgRNA10647,EIF3G,+A,ORF
R0061,CT-EIF3G,pgRNA10646,EIF3G,+A,ORF
R0061,CT-EIF3G,pgRNA10645,EIF3G,+A,ORF
R0061,CT-EIF3G,pgRNA10644,EIF3G,+A,ORF
R0061,CT-EIF3G,pgRNA10643,EIF3G,+A,ORF
R0061,CT-EIF3G,pgRNA10695,EIF3G,+A,TSS
R0061,CT-EIF3G,pgRNA10692,EIF3G,+A,TSS
R0061,CT-EIF3G,pgRNA10693,EIF3G,+A,TSS
R0062,CT-EIF5B,pgRNA10652,EIF5B,+A,ORF
R0062,CT-EIF5B,pgRNA10700,EIF5B,+A,TSS
R0062,CT-EIF5B,pgRNA10699,EIF5B,+A,TSS
R0062,CT-EIF5B,pgRNA10698,EIF5B,+A,TSS
R0062,CT-EIF5B,pgRNA10697,EIF5B,+A,TSS
R0062,CT-EIF5B,pgRNA10649,EIF5B,+A,ORF
R0062,CT-EIF5B,pgRNA10696,EIF5B,+A,TSS
R0062,CT-EIF5B,pgRNA10650,EIF5B,+A,ORF
R0062,CT-EIF5B,pgRNA10651,EIF5B,+A,ORF
R0062,CT-EIF5B,pgRNA10648,EIF5B,+A,ORF
R0063,CT-ENDOD1,pgRNA11456,ENDOD1,-,PC_introns
R0063,CT-ENDOD1,pgRNA11455,ENDOD1,-,PC_introns
R0063,CT-ENDOD1,pgRNA11459,ENDOD1,-,PC_introns
R0063,CT-ENDOD1,pgRNA11458,ENDOD1,-,PC_introns
R0063,CT-ENDOD1,pgRNA11457,ENDOD1,-,PC_introns
R0063,CT-ENDOD1,pgRNA11454,ENDOD1,-,PC_introns
R0063,CT-ENDOD1,pgRNA11453,ENDOD1,-,PC_introns
R0063,CT-ENDOD1,pgRNA11452,ENDOD1,-,PC_introns
R0063,CT-ENDOD1,pgRNA11451,ENDOD1,-,PC_introns
R0063,CT-ENDOD1,pgRNA11460,ENDOD1,-,PC_introns
R0064,CT-EPHA2,pgRNA10832,EPHA2,+R,ORF
R0064,CT-EPHA2,pgRNA10833,EPHA2,+R,ORF
R0064,CT-EPHA2,pgRNA10834,EPHA2,+R,ORF
R0064,CT-EPHA2,pgRNA10835,EPHA2,+R,ORF
R0064,CT-EPHA2,pgRNA10836,EPHA2,+R,ORF
R0064,CT-EPHA2,pgRNA11009,EPHA2,+R,TSS
R0064,CT-EPHA2,pgRNA11010,EPHA2,+R,TSS
R0064,CT-EPHA2,pgRNA11011,EPHA2,+R,TSS
R0064,CT-EPHA2,pgRNA11008,EPHA2,+R,TSS
R0065,CT-ERCC1,pgRNA11016,ERCC1,+R,TSS
R0065,CT-ERCC1,pgRNA11015,ERCC1,+R,TSS
R0065,CT-ERCC1,pgRNA11014,ERCC1,+R,TSS
R0065,CT-ERCC1,pgRNA11013,ERCC1,+R,TSS
R0065,CT-ERCC1,pgRNA11012,ERCC1,+R,TSS
R0065,CT-ERCC1,pgRNA10841,ERCC1,+R,ORF
R0065,CT-ERCC1,pgRNA10840,ERCC1,+R,ORF
R0065,CT-ERCC1,pgRNA10839,ERCC1,+R,ORF
R0065,CT-ERCC1,pgRNA10838,ERCC1,+R,ORF
R0065,CT-ERCC1,pgRNA10837,ERCC1,+R,ORF
R0066,CT-ETV6,pgRNA10845,ETV6,+R,ORF
R0066,CT-ETV6,pgRNA11017,ETV6,+R,TSS
R0066,CT-ETV6,pgRNA11020,ETV6,+R,TSS
R0066,CT-ETV6,pgRNA11019,ETV6,+R,TSS
R0066,CT-ETV6,pgRNA10842,ETV6,+R,ORF
R0066,CT-ETV6,pgRNA10844,ETV6,+R,ORF
R0066,CT-ETV6,pgRNA10843,ETV6,+R,ORF
R0066,CT-ETV6,pgRNA11018,ETV6,+R,TSS
R0067,CT-EZH2,pgRNA10773,EZH2,+A,ORF
R0067,CT-EZH2,pgRNA10774,EZH2,+A,ORF
R0067,CT-EZH2,pgRNA10776,EZH2,+A,ORF
R0067,CT-EZH2,pgRNA10777,EZH2,+A,ORF
R0067,CT-EZH2,pgRNA10775,EZH2,+A,ORF
R0068,CT-FAM188A,pgRNA10850,FAM188A,+R,ORF
R0068,CT-FAM188A,pgRNA10849,FAM188A,+R,ORF
R0068,CT-FAM188A,pgRNA10848,FAM188A,+R,ORF
R0068,CT-FAM188A,pgRNA10847,FAM188A,+R,ORF
R0068,CT-FAM188A,pgRNA11022,FAM188A,+R,TSS
R0068,CT-FAM188A,pgRNA11023,FAM188A,+R,TSS
R0068,CT-FAM188A,pgRNA11024,FAM188A,+R,TSS
R0068,CT-FAM188A,pgRNA11025,FAM188A,+R,TSS
R0068,CT-FAM188A,pgRNA10846,FAM188A,+R,ORF
R0068,CT-FAM188A,pgRNA11021,FAM188A,+R,TSS
R0069,CT-FBN1,pgRNA11468,FBN1,-,PC_introns
R0069,CT-FBN1,pgRNA11470,FBN1,-,PC_introns
R0069,CT-FBN1,pgRNA11469,FBN1,-,PC_introns
R0069,CT-FBN1,pgRNA11467,FBN1,-,PC_introns
R0069,CT-FBN1,pgRNA11462,FBN1,-,PC_introns
R0069,CT-FBN1,pgRNA11465,FBN1,-,PC_introns
R0069,CT-FBN1,pgRNA11464,FBN1,-,PC_introns
R0069,CT-FBN1,pgRNA11463,FBN1,-,PC_introns
R0069,CT-FBN1,pgRNA11461,FBN1,-,PC_introns
R0069,CT-FBN1,pgRNA11466,FBN1,-,PC_introns
R0070,CT-FBXL7,pgRNA11471,FBXL7,-,PC_introns
R0070,CT-FBXL7,pgRNA11472,FBXL7,-,PC_introns
R0070,CT-FBXL7,pgRNA11473,FBXL7,-,PC_introns
R0070,CT-FBXL7,pgRNA11474,FBXL7,-,PC_introns
R0070,CT-FBXL7,pgRNA11475,FBXL7,-,PC_introns
R0070,CT-FBXL7,pgRNA11476,FBXL7,-,PC_introns
R0070,CT-FBXL7,pgRNA11477,FBXL7,-,PC_introns
R0070,CT-FBXL7,pgRNA11478,FBXL7,-,PC_introns
R0070,CT-FBXL7,pgRNA11479,FBXL7,-,PC_introns
R0070,CT-FBXL7,pgRNA11480,FBXL7,-,PC_introns
R0071,CT-FGFR3,pgRNA10778,FGFR3,+A,ORF
R0071,CT-FGFR3,pgRNA10779,FGFR3,+A,ORF
R0071,CT-FGFR3,pgRNA10780,FGFR3,+A,ORF
R0071,CT-FGFR3,pgRNA10781,FGFR3,+A,ORF
R0072,CT-FHOD3,pgRNA11489,FHOD3,-,PC_introns
R0072,CT-FHOD3,pgRNA11490,FHOD3,-,PC_introns
R0072,CT-FHOD3,pgRNA11488,FHOD3,-,PC_introns
R0072,CT-FHOD3,pgRNA11487,FHOD3,-,PC_introns
R0072,CT-FHOD3,pgRNA11486,FHOD3,-,PC_introns
R0072,CT-FHOD3,pgRNA11485,FHOD3,-,PC_introns
R0072,CT-FHOD3,pgRNA11484,FHOD3,-,PC_introns
R0072,CT-FHOD3,pgRNA11483,FHOD3,-,PC_introns
R0072,CT-FHOD3,pgRNA11482,FHOD3,-,PC_introns
R0072,CT-FHOD3,pgRNA11481,FHOD3,-,PC_introns
R0073,CT-FSIP1,pgRNA11499,FSIP1,-,PC_introns
R0073,CT-FSIP1,pgRNA11498,FSIP1,-,PC_introns
R0073,CT-FSIP1,pgRNA11497,FSIP1,-,PC_introns
R0073,CT-FSIP1,pgRNA11496,FSIP1,-,PC_introns
R0073,CT-FSIP1,pgRNA11495,FSIP1,-,PC_introns
R0073,CT-FSIP1,pgRNA11500,FSIP1,-,PC_introns
R0073,CT-FSIP1,pgRNA11493,FSIP1,-,PC_introns
R0073,CT-FSIP1,pgRNA11492,FSIP1,-,PC_introns
R0073,CT-FSIP1,pgRNA11491,FSIP1,-,PC_introns
R0073,CT-FSIP1,pgRNA11494,FSIP1,-,PC_introns
R0074,CT-GALNT5,pgRNA11502,GALNT5,-,PC_introns
R0074,CT-GALNT5,pgRNA11501,GALNT5,-,PC_introns
R0074,CT-GALNT5,pgRNA11503,GALNT5,-,PC_introns
R0074,CT-GALNT5,pgRNA11506,GALNT5,-,PC_introns
R0074,CT-GALNT5,pgRNA11505,GALNT5,-,PC_introns
R0074,CT-GALNT5,pgRNA11504,GALNT5,-,PC_introns
R0074,CT-GALNT5,pgRNA11507,GALNT5,-,PC_introns
R0074,CT-GALNT5,pgRNA11508,GALNT5,-,PC_introns
R0074,CT-GALNT5,pgRNA11509,GALNT5,-,PC_introns
R0074,CT-GALNT5,pgRNA11510,GALNT5,-,PC_introns
R0075,CT-GRIA1,pgRNA11519,GRIA1,-,PC_introns
R0075,CT-GRIA1,pgRNA11518,GRIA1,-,PC_introns
R0075,CT-GRIA1,pgRNA11517,GRIA1,-,PC_introns
R0075,CT-GRIA1,pgRNA11516,GRIA1,-,PC_introns
R0075,CT-GRIA1,pgRNA11515,GRIA1,-,PC_introns
R0075,CT-GRIA1,pgRNA11520,GRIA1,-,PC_introns
R0075,CT-GRIA1,pgRNA11513,GRIA1,-,PC_introns
R0075,CT-GRIA1,pgRNA11512,GRIA1,-,PC_introns
R0075,CT-GRIA1,pgRNA11511,GRIA1,-,PC_introns
R0075,CT-GRIA1,pgRNA11514,GRIA1,-,PC_introns
R0076,CT-H19,pgRNA11140,H19,+R,TSS
R0076,CT-H19,pgRNA11141,H19,+R,TSS
R0076,CT-H19,pgRNA11142,H19,+R,TSS
R0076,CT-H19,pgRNA11143,H19,+R,TSS
R0076,CT-H19,pgRNA11144,H19,+R,TSS
R0076,CT-H19,pgRNA11145,H19,+R,TSS
R0076,CT-H19,pgRNA11146,H19,+R,TSS
R0077,CT-HNRNPM,pgRNA10705,HNRNPM,+A,TSS
R0077,CT-HNRNPM,pgRNA10702,HNRNPM,+A,TSS
R0077,CT-HNRNPM,pgRNA10703,HNRNPM,+A,TSS
R0077,CT-HNRNPM,pgRNA10653,HNRNPM,+A,ORF
R0077,CT-HNRNPM,pgRNA10654,HNRNPM,+A,ORF
R0077,CT-HNRNPM,pgRNA10655,HNRNPM,+A,ORF
R0077,CT-HNRNPM,pgRNA10656,HNRNPM,+A,ORF
R0077,CT-HNRNPM,pgRNA10657,HNRNPM,+A,ORF
R0077,CT-HNRNPM,pgRNA10701,HNRNPM,+A,TSS
R0077,CT-HNRNPM,pgRNA10704,HNRNPM,+A,TSS
R0078,CT-IK,pgRNA11030,IK,+R,TSS
R0078,CT-IK,pgRNA11029,IK,+R,TSS
R0078,CT-IK,pgRNA10851,IK,+R,ORF
R0078,CT-IK,pgRNA10852,IK,+R,ORF
R0078,CT-IK,pgRNA10853,IK,+R,ORF
R0078,CT-IK,pgRNA10854,IK,+R,ORF
R0078,CT-IK,pgRNA10855,IK,+R,ORF
R0078,CT-IK,pgRNA11028,IK,+R,TSS
R0078,CT-IK,pgRNA11027,IK,+R,TSS
R0078,CT-IK,pgRNA11026,IK,+R,TSS
R0079,CT-ING5,pgRNA11034,ING5,+R,TSS
R0079,CT-ING5,pgRNA11033,ING5,+R,TSS
R0079,CT-ING5,pgRNA10856,ING5,+R,ORF
R0079,CT-ING5,pgRNA11031,ING5,+R,TSS
R0079,CT-ING5,pgRNA10860,ING5,+R,ORF
R0079,CT-ING5,pgRNA10859,ING5,+R,ORF
R0079,CT-ING5,pgRNA10858,ING5,+R,ORF
R0079,CT-ING5,pgRNA10857,ING5,+R,ORF
R0079,CT-ING5,pgRNA11032,ING5,+R,TSS
R0080,CT-KARS,pgRNA10710,KARS,+A,TSS
R0080,CT-KARS,pgRNA10709,KARS,+A,TSS
R0080,CT-KARS,pgRNA10708,KARS,+A,TSS
R0080,CT-KARS,pgRNA10707,KARS,+A,TSS
R0080,CT-KARS,pgRNA10706,KARS,+A,TSS
R0080,CT-KARS,pgRNA10659,KARS,+A,ORF
R0080,CT-KARS,pgRNA10660,KARS,+A,ORF
R0080,CT-KARS,pgRNA10661,KARS,+A,ORF
R0080,CT-KARS,pgRNA10658,KARS,+A,ORF
R0080,CT-KARS,pgRNA10662,KARS,+A,ORF
R0081,CT-KEAP1,pgRNA11037,KEAP1,+R,TSS
R0081,CT-KEAP1,pgRNA11036,KEAP1,+R,TSS
R0081,CT-KEAP1,pgRNA11035,KEAP1,+R,TSS
R0081,CT-KEAP1,pgRNA10865,KEAP1,+R,ORF
R0081,CT-KEAP1,pgRNA10864,KEAP1,+R,ORF
R0081,CT-KEAP1,pgRNA10863,KEAP1,+R,ORF
R0081,CT-KEAP1,pgRNA10862,KEAP1,+R,ORF
R0081,CT-KEAP1,pgRNA10861,KEAP1,+R,ORF
R0081,CT-KEAP1,pgRNA11038,KEAP1,+R,TSS
R0081,CT-KEAP1,pgRNA11039,KEAP1,+R,TSS
R0082,CT-LCP1,pgRNA10869,LCP1,+R,ORF
R0082,CT-LCP1,pgRNA10868,LCP1,+R,ORF
R0082,CT-LCP1,pgRNA10867,LCP1,+R,ORF
R0082,CT-LCP1,pgRNA10866,LCP1,+R,ORF
R0082,CT-LCP1,pgRNA11042,LCP1,+R,TSS
R0082,CT-LCP1,pgRNA11043,LCP1,+R,TSS
R0082,CT-LCP1,pgRNA11044,LCP1,+R,TSS
R0082,CT-LCP1,pgRNA10870,LCP1,+R,ORF
R0082,CT-LCP1,pgRNA11041,LCP1,+R,TSS
R0082,CT-LCP1,pgRNA11040,LCP1,+R,TSS
R0083,CT-MEOX1,pgRNA11522,MEOX1,-,PC_introns
R0083,CT-MEOX1,pgRNA11523,MEOX1,-,PC_introns
R0083,CT-MEOX1,pgRNA11521,MEOX1,-,PC_introns
R0083,CT-MEOX1,pgRNA11524,MEOX1,-,PC_introns
R0084,CT-MSMO1,pgRNA11048,MSMO1,+R,TSS
R0084,CT-MSMO1,pgRNA10872,MSMO1,+R,ORF
R0084,CT-MSMO1,pgRNA10873,MSMO1,+R,ORF
R0084,CT-MSMO1,pgRNA10874,MSMO1,+R,ORF
R0084,CT-MSMO1,pgRNA10875,MSMO1,+R,ORF
R0084,CT-MSMO1,pgRNA11045,MSMO1,+R,TSS
R0084,CT-MSMO1,pgRNA11046,MSMO1,+R,TSS
R0084,CT-MSMO1,pgRNA11047,MSMO1,+R,TSS
R0084,CT-MSMO1,pgRNA11049,MSMO1,+R,TSS
R0084,CT-MSMO1,pgRNA10871,MSMO1,+R,ORF
R0085,CT-NF1,pgRNA11054,NF1,+R,TSS
R0085,CT-NF1,pgRNA11052,NF1,+R,TSS
R0085,CT-NF1,pgRNA11051,NF1,+R,TSS
R0085,CT-NF1,pgRNA11050,NF1,+R,TSS
R0085,CT-NF1,pgRNA10880,NF1,+R,ORF
R0085,CT-NF1,pgRNA11053,NF1,+R,TSS
R0085,CT-NF1,pgRNA10876,NF1,+R,ORF
R0085,CT-NF1,pgRNA10877,NF1,+R,ORF
R0085,CT-NF1,pgRNA10878,NF1,+R,ORF
R0085,CT-NF1,pgRNA10879,NF1,+R,ORF
R0086,CT-NFE2L2,pgRNA10715,NFE2L2,+A,TSS
R0086,CT-NFE2L2,pgRNA10712,NFE2L2,+A,TSS
R0086,CT-NFE2L2,pgRNA10713,NFE2L2,+A,TSS
R0086,CT-NFE2L2,pgRNA10711,NFE2L2,+A,TSS
R0086,CT-NFE2L2,pgRNA10665,NFE2L2,+A,ORF
R0086,CT-NFE2L2,pgRNA10664,NFE2L2,+A,ORF
R0086,CT-NFE2L2,pgRNA10663,NFE2L2,+A,ORF
R0086,CT-NFE2L2,pgRNA10714,NFE2L2,+A,TSS
R0087,CT-NHP2L1,pgRNA10720,NHP2L1,+A,TSS
R0087,CT-NHP2L1,pgRNA10719,NHP2L1,+A,TSS
R0087,CT-NHP2L1,pgRNA10670,NHP2L1,+A,ORF
R0087,CT-NHP2L1,pgRNA10717,NHP2L1,+A,TSS
R0087,CT-NHP2L1,pgRNA10716,NHP2L1,+A,TSS
R0087,CT-NHP2L1,pgRNA10669,NHP2L1,+A,ORF
R0087,CT-NHP2L1,pgRNA10668,NHP2L1,+A,ORF
R0087,CT-NHP2L1,pgRNA10667,NHP2L1,+A,ORF
R0087,CT-NHP2L1,pgRNA10666,NHP2L1,+A,ORF
R0087,CT-NHP2L1,pgRNA10718,NHP2L1,+A,TSS
R0088,CT-OSBPL3,pgRNA11531,OSBPL3,-,PC_introns
R0088,CT-OSBPL3,pgRNA11527,OSBPL3,-,PC_introns
R0088,CT-OSBPL3,pgRNA11528,OSBPL3,-,PC_introns
R0088,CT-OSBPL3,pgRNA11525,OSBPL3,-,PC_introns
R0088,CT-OSBPL3,pgRNA11532,OSBPL3,-,PC_introns
R0088,CT-OSBPL3,pgRNA11533,OSBPL3,-,PC_introns
R0088,CT-OSBPL3,pgRNA11534,OSBPL3,-,PC_introns
R0088,CT-OSBPL3,pgRNA11530,OSBPL3,-,PC_introns
R0088,CT-OSBPL3,pgRNA11526,OSBPL3,-,PC_introns
R0088,CT-OSBPL3,pgRNA11529,OSBPL3,-,PC_introns
R0089,CT-PEAK1,pgRNA11535,PEAK1,-,PC_introns
R0089,CT-PEAK1,pgRNA11536,PEAK1,-,PC_introns
R0089,CT-PEAK1,pgRNA11537,PEAK1,-,PC_introns
R0089,CT-PEAK1,pgRNA11538,PEAK1,-,PC_introns
R0089,CT-PEAK1,pgRNA11539,PEAK1,-,PC_introns
R0089,CT-PEAK1,pgRNA11540,PEAK1,-,PC_introns
R0089,CT-PEAK1,pgRNA11541,PEAK1,-,PC_introns
R0089,CT-PEAK1,pgRNA11542,PEAK1,-,PC_introns
R0089,CT-PEAK1,pgRNA11543,PEAK1,-,PC_introns
R0089,CT-PEAK1,pgRNA11544,PEAK1,-,PC_introns
R0090,CT-PIK3CG,pgRNA11552,PIK3CG,-,PC_introns
R0090,CT-PIK3CG,pgRNA11545,PIK3CG,-,PC_introns
R0090,CT-PIK3CG,pgRNA11546,PIK3CG,-,PC_introns
R0090,CT-PIK3CG,pgRNA11553,PIK3CG,-,PC_introns
R0090,CT-PIK3CG,pgRNA11547,PIK3CG,-,PC_introns
R0090,CT-PIK3CG,pgRNA11549,PIK3CG,-,PC_introns
R0090,CT-PIK3CG,pgRNA11550,PIK3CG,-,PC_introns
R0090,CT-PIK3CG,pgRNA11551,PIK3CG,-,PC_introns
R0090,CT-PIK3CG,pgRNA11548,PIK3CG,-,PC_introns
R0090,CT-PIK3CG,pgRNA11554,PIK3CG,-,PC_introns
R0091,CT-PLXNB2,pgRNA10881,PLXNB2,+R,ORF
R0091,CT-PLXNB2,pgRNA10882,PLXNB2,+R,ORF
R0091,CT-PLXNB2,pgRNA10883,PLXNB2,+R,ORF
R0091,CT-PLXNB2,pgRNA10884,PLXNB2,+R,ORF
R0091,CT-PLXNB2,pgRNA10885,PLXNB2,+R,ORF
R0091,CT-PLXNB2,pgRNA11055,PLXNB2,+R,TSS
R0091,CT-PLXNB2,pgRNA11056,PLXNB2,+R,TSS
R0091,CT-PLXNB2,pgRNA11057,PLXNB2,+R,TSS
R0091,CT-PLXNB2,pgRNA11058,PLXNB2,+R,TSS
R0091,CT-PLXNB2,pgRNA11059,PLXNB2,+R,TSS
R0092,CT-PPAP2C,pgRNA10889,PPAP2C,+R,ORF
R0092,CT-PPAP2C,pgRNA10888,PPAP2C,+R,ORF
R0092,CT-PPAP2C,pgRNA11063,PPAP2C,+R,TSS
R0092,CT-PPAP2C,pgRNA10890,PPAP2C,+R,ORF
R0092,CT-PPAP2C,pgRNA11060,PPAP2C,+R,TSS
R0092,CT-PPAP2C,pgRNA11061,PPAP2C,+R,TSS
R0092,CT-PPAP2C,pgRNA11062,PPAP2C,+R,TSS
R0092,CT-PPAP2C,pgRNA10886,PPAP2C,+R,ORF
R0092,CT-PPAP2C,pgRNA11064,PPAP2C,+R,TSS
R0092,CT-PPAP2C,pgRNA10887,PPAP2C,+R,ORF
R0093,CT-PPIL2,pgRNA10895,PPIL2,+R,ORF
R0093,CT-PPIL2,pgRNA11065,PPIL2,+R,TSS
R0093,CT-PPIL2,pgRNA10893,PPIL2,+R,ORF
R0093,CT-PPIL2,pgRNA10892,PPIL2,+R,ORF
R0093,CT-PPIL2,pgRNA10891,PPIL2,+R,ORF
R0093,CT-PPIL2,pgRNA11069,PPIL2,+R,TSS
R0093,CT-PPIL2,pgRNA11068,PPIL2,+R,TSS
R0093,CT-PPIL2,pgRNA11067,PPIL2,+R,TSS
R0093,CT-PPIL2,pgRNA11066,PPIL2,+R,TSS
R0093,CT-PPIL2,pgRNA10894,PPIL2,+R,ORF
R0094,CT-PRDM1,pgRNA11074,PRDM1,+R,TSS
R0094,CT-PRDM1,pgRNA11073,PRDM1,+R,TSS
R0094,CT-PRDM1,pgRNA11071,PRDM1,+R,TSS
R0094,CT-PRDM1,pgRNA11072,PRDM1,+R,TSS
R0094,CT-PRDM1,pgRNA10900,PRDM1,+R,ORF
R0094,CT-PRDM1,pgRNA10899,PRDM1,+R,ORF
R0094,CT-PRDM1,pgRNA10896,PRDM1,+R,ORF
R0094,CT-PRDM1,pgRNA10897,PRDM1,+R,ORF
R0094,CT-PRDM1,pgRNA10898,PRDM1,+R,ORF
R0094,CT-PRDM1,pgRNA11070,PRDM1,+R,TSS
R0095,CT-PTCH1,pgRNA11079,PTCH1,+R,TSS
R0095,CT-PTCH1,pgRNA11078,PTCH1,+R,TSS
R0095,CT-PTCH1,pgRNA11075,PTCH1,+R,TSS
R0095,CT-PTCH1,pgRNA11076,PTCH1,+R,TSS
R0095,CT-PTCH1,pgRNA10902,PTCH1,+R,ORF
R0095,CT-PTCH1,pgRNA10901,PTCH1,+R,ORF
R0095,CT-PTCH1,pgRNA11077,PTCH1,+R,TSS
R0096,CT-PTEN,pgRNA11153,PTEN,+R,TSS
R0096,CT-PTEN,pgRNA11152,PTEN,+R,TSS
R0096,CT-PTEN,pgRNA11155,PTEN,+R,TSS
R0096,CT-PTEN,pgRNA11156,PTEN,+R,TSS
R0096,CT-PTEN,pgRNA11150,PTEN,+R,TSS
R0096,CT-PTEN,pgRNA11147,PTEN,+R,TSS
R0096,CT-PTEN,pgRNA11148,PTEN,+R,TSS
R0096,CT-PTEN,pgRNA11149,PTEN,+R,TSS
R0096,CT-PTEN,pgRNA11151,PTEN,+R,TSS
R0096,CT-PTEN,pgRNA11154,PTEN,+R,TSS
R0097,CT-RAMP1,pgRNA11557,RAMP1,-,PC_introns
R0097,CT-RAMP1,pgRNA11562,RAMP1,-,PC_introns
R0097,CT-RAMP1,pgRNA11564,RAMP1,-,PC_introns
R0097,CT-RAMP1,pgRNA11561,RAMP1,-,PC_introns
R0097,CT-RAMP1,pgRNA11560,RAMP1,-,PC_introns
R0097,CT-RAMP1,pgRNA11559,RAMP1,-,PC_introns
R0097,CT-RAMP1,pgRNA11558,RAMP1,-,PC_introns
R0097,CT-RAMP1,pgRNA11555,RAMP1,-,PC_introns
R0097,CT-RAMP1,pgRNA11556,RAMP1,-,PC_introns
R0097,CT-RAMP1,pgRNA11563,RAMP1,-,PC_introns
R0098,CT-RB1,pgRNA10906,RB1,+R,ORF
R0098,CT-RB1,pgRNA10905,RB1,+R,ORF
R0098,CT-RB1,pgRNA10904,RB1,+R,ORF
R0098,CT-RB1,pgRNA10903,RB1,+R,ORF
R0098,CT-RB1,pgRNA10907,RB1,+R,ORF
R0098,CT-RB1,pgRNA11080,RB1,+R,TSS
R0098,CT-RB1,pgRNA11081,RB1,+R,TSS
R0098,CT-RB1,pgRNA11082,RB1,+R,TSS
R0098,CT-RB1,pgRNA11083,RB1,+R,TSS
R0098,CT-RB1,pgRNA11084,RB1,+R,TSS
R0099,CT-RBM5,pgRNA11089,RBM5,+R,TSS
R0099,CT-RBM5,pgRNA11088,RBM5,+R,TSS
R0099,CT-RBM5,pgRNA10909,RBM5,+R,ORF
R0099,CT-RBM5,pgRNA10910,RBM5,+R,ORF
R0099,CT-RBM5,pgRNA10911,RBM5,+R,ORF
R0099,CT-RBM5,pgRNA10908,RBM5,+R,ORF
R0099,CT-RBM5,pgRNA11085,RBM5,+R,TSS
R0099,CT-RBM5,pgRNA11086,RBM5,+R,TSS
R0099,CT-RBM5,pgRNA11087,RBM5,+R,TSS
R0099,CT-RBM5,pgRNA10912,RBM5,+R,ORF
R0100,CT-RNF111,pgRNA11574,RNF111,-,PC_introns
R0100,CT-RNF111,pgRNA11565,RNF111,-,PC_introns
R0100,CT-RNF111,pgRNA11573,RNF111,-,PC_introns
R0100,CT-RNF111,pgRNA11571,RNF111,-,PC_introns
R0100,CT-RNF111,pgRNA11572,RNF111,-,PC_introns
R0100,CT-RNF111,pgRNA11569,RNF111,-,PC_introns
R0100,CT-RNF111,pgRNA11568,RNF111,-,PC_introns
R0100,CT-RNF111,pgRNA11567,RNF111,-,PC_introns
R0100,CT-RNF111,pgRNA11566,RNF111,-,PC_introns
R0100,CT-RNF111,pgRNA11570,RNF111,-,PC_introns
R0101,CT-RPL13,pgRNA10561,RPL13,+A,TSS_Ribosomal
R0101,CT-RPL13,pgRNA10564,RPL13,+A,TSS_Ribosomal
R0101,CT-RPL13,pgRNA10562,RPL13,+A,TSS_Ribosomal
R0101,CT-RPL13,pgRNA10568,RPL13,+A,TSS_Ribosomal
R0101,CT-RPL13,pgRNA10567,RPL13,+A,TSS_Ribosomal
R0101,CT-RPL13,pgRNA10566,RPL13,+A,TSS_Ribosomal
R0101,CT-RPL13,pgRNA10565,RPL13,+A,TSS_Ribosomal
R0101,CT-RPL13,pgRNA10563,RPL13,+A,TSS_Ribosomal
R0102,CT-RPL14,pgRNA10570,RPL14,+A,TSS_Ribosomal
R0102,CT-RPL14,pgRNA10571,RPL14,+A,TSS_Ribosomal
R0102,CT-RPL14,pgRNA10572,RPL14,+A,TSS_Ribosomal
R0102,CT-RPL14,pgRNA10573,RPL14,+A,TSS_Ribosomal
R0102,CT-RPL14,pgRNA10574,RPL14,+A,TSS_Ribosomal
R0102,CT-RPL14,pgRNA10575,RPL14,+A,TSS_Ribosomal
R0102,CT-RPL14,pgRNA10576,RPL14,+A,TSS_Ribosomal
R0102,CT-RPL14,pgRNA10577,RPL14,+A,TSS_Ribosomal
R0102,CT-RPL14,pgRNA10578,RPL14,+A,TSS_Ribosomal
R0102,CT-RPL14,pgRNA10569,RPL14,+A,TSS_Ribosomal
R0103,CT-RPL18A,pgRNA10588,RPL18A,+A,TSS_Ribosomal
R0103,CT-RPL18A,pgRNA10587,RPL18A,+A,TSS_Ribosomal
R0103,CT-RPL18A,pgRNA10586,RPL18A,+A,TSS_Ribosomal
R0103,CT-RPL18A,pgRNA10585,RPL18A,+A,TSS_Ribosomal
R0103,CT-RPL18A,pgRNA10580,RPL18A,+A,TSS_Ribosomal
R0103,CT-RPL18A,pgRNA10583,RPL18A,+A,TSS_Ribosomal
R0103,CT-RPL18A,pgRNA10582,RPL18A,+A,TSS_Ribosomal
R0103,CT-RPL18A,pgRNA10581,RPL18A,+A,TSS_Ribosomal
R0103,CT-RPL18A,pgRNA10579,RPL18A,+A,TSS_Ribosomal
R0103,CT-RPL18A,pgRNA10584,RPL18A,+A,TSS_Ribosomal
R0104,CT-RPL21,pgRNA10598,RPL21,+A,TSS_Ribosomal
R0104,CT-RPL21,pgRNA10594,RPL21,+A,TSS_Ribosomal
R0104,CT-RPL21,pgRNA10597,RPL21,+A,TSS_Ribosomal
R0104,CT-RPL21,pgRNA10596,RPL21,+A,TSS_Ribosomal
R0104,CT-RPL21,pgRNA10595,RPL21,+A,TSS_Ribosomal
R0104,CT-RPL21,pgRNA10593,RPL21,+A,TSS_Ribosomal
R0104,CT-RPL21,pgRNA10589,RPL21,+A,TSS_Ribosomal
R0104,CT-RPL21,pgRNA10592,RPL21,+A,TSS_Ribosomal
R0104,CT-RPL21,pgRNA10591,RPL21,+A,TSS_Ribosomal
R0104,CT-RPL21,pgRNA10590,RPL21,+A,TSS_Ribosomal
R0105,CT-RPL23,pgRNA10607,RPL23,+A,TSS_Ribosomal
R0105,CT-RPL23,pgRNA10608,RPL23,+A,TSS_Ribosomal
R0105,CT-RPL23,pgRNA10606,RPL23,+A,TSS_Ribosomal
R0105,CT-RPL23,pgRNA10604,RPL23,+A,TSS_Ribosomal
R0105,CT-RPL23,pgRNA10605,RPL23,+A,TSS_Ribosomal
R0105,CT-RPL23,pgRNA10599,RPL23,+A,TSS_Ribosomal
R0105,CT-RPL23,pgRNA10602,RPL23,+A,TSS_Ribosomal
R0105,CT-RPL23,pgRNA10600,RPL23,+A,TSS_Ribosomal
R0105,CT-RPL23,pgRNA10601,RPL23,+A,TSS_Ribosomal
R0105,CT-RPL23,pgRNA10603,RPL23,+A,TSS_Ribosomal
R0106,CT-RPL23A,pgRNA10609,RPL23A,+A,TSS_Ribosomal
R0106,CT-RPL23A,pgRNA10610,RPL23A,+A,TSS_Ribosomal
R0106,CT-RPL23A,pgRNA10611,RPL23A,+A,TSS_Ribosomal
R0106,CT-RPL23A,pgRNA10612,RPL23A,+A,TSS_Ribosomal
R0106,CT-RPL23A,pgRNA10613,RPL23A,+A,TSS_Ribosomal
R0106,CT-RPL23A,pgRNA10614,RPL23A,+A,TSS_Ribosomal
R0106,CT-RPL23A,pgRNA10615,RPL23A,+A,TSS_Ribosomal
R0106,CT-RPL23A,pgRNA10616,RPL23A,+A,TSS_Ribosomal
R0106,CT-RPL23A,pgRNA10617,RPL23A,+A,TSS_Ribosomal
R0107,CT-RPL3,pgRNA10673,RPL3,+A,ORF_Ribosomal
R0107,CT-RPL3,pgRNA10674,RPL3,+A,ORF_Ribosomal
R0107,CT-RPL3,pgRNA10550,RPL3,+A,TSS_Ribosomal
R0107,CT-RPL3,pgRNA10672,RPL3,+A,ORF_Ribosomal
R0107,CT-RPL3,pgRNA10675,RPL3,+A,ORF_Ribosomal
R0107,CT-RPL3,pgRNA10671,RPL3,+A,ORF_Ribosomal
R0107,CT-RPL3,pgRNA10543,RPL3,+A,TSS_Ribosomal
R0107,CT-RPL3,pgRNA10546,RPL3,+A,TSS_Ribosomal
R0107,CT-RPL3,pgRNA10541,RPL3,+A,TSS_Ribosomal
R0107,CT-RPL3,pgRNA10549,RPL3,+A,TSS_Ribosomal
R0107,CT-RPL3,pgRNA10548,RPL3,+A,TSS_Ribosomal
R0107,CT-RPL3,pgRNA10547,RPL3,+A,TSS_Ribosomal
R0107,CT-RPL3,pgRNA10542,RPL3,+A,TSS_Ribosomal
R0107,CT-RPL3,pgRNA10545,RPL3,+A,TSS_Ribosomal
R0107,CT-RPL3,pgRNA10544,RPL3,+A,TSS_Ribosomal
R0108,CT-RPL30,pgRNA10621,RPL30,+A,TSS_Ribosomal
R0108,CT-RPL30,pgRNA10622,RPL30,+A,TSS_Ribosomal
R0108,CT-RPL30,pgRNA10618,RPL30,+A,TSS_Ribosomal
R0108,CT-RPL30,pgRNA10624,RPL30,+A,TSS_Ribosomal
R0108,CT-RPL30,pgRNA10623,RPL30,+A,TSS_Ribosomal
R0108,CT-RPL30,pgRNA10627,RPL30,+A,TSS_Ribosomal
R0108,CT-RPL30,pgRNA10626,RPL30,+A,TSS_Ribosomal
R0108,CT-RPL30,pgRNA10625,RPL30,+A,TSS_Ribosomal
R0108,CT-RPL30,pgRNA10620,RPL30,+A,TSS_Ribosomal
R0108,CT-RPL30,pgRNA10619,RPL30,+A,TSS_Ribosomal
R0109,CT-RPL34,pgRNA10628,RPL34,+A,TSS_Ribosomal
R0109,CT-RPL34,pgRNA10629,RPL34,+A,TSS_Ribosomal
R0109,CT-RPL34,pgRNA10630,RPL34,+A,TSS_Ribosomal
R0109,CT-RPL34,pgRNA10631,RPL34,+A,TSS_Ribosomal
R0109,CT-RPL34,pgRNA10632,RPL34,+A,TSS_Ribosomal
R0109,CT-RPL34,pgRNA10633,RPL34,+A,TSS_Ribosomal
R0109,CT-RPL34,pgRNA10634,RPL34,+A,TSS_Ribosomal
R0109,CT-RPL34,pgRNA10635,RPL34,+A,TSS_Ribosomal
R0109,CT-RPL34,pgRNA10636,RPL34,+A,TSS_Ribosomal
R0109,CT-RPL34,pgRNA10637,RPL34,+A,TSS_Ribosomal
R0110,CT-RPL8,pgRNA10552,RPL8,+A,TSS_Ribosomal
R0110,CT-RPL8,pgRNA10680,RPL8,+A,ORF_Ribosomal
R0110,CT-RPL8,pgRNA10551,RPL8,+A,TSS_Ribosomal
R0110,CT-RPL8,pgRNA10679,RPL8,+A,ORF_Ribosomal
R0110,CT-RPL8,pgRNA10677,RPL8,+A,ORF_Ribosomal
R0110,CT-RPL8,pgRNA10676,RPL8,+A,ORF_Ribosomal
R0110,CT-RPL8,pgRNA10560,RPL8,+A,TSS_Ribosomal
R0110,CT-RPL8,pgRNA10559,RPL8,+A,TSS_Ribosomal
R0110,CT-RPL8,pgRNA10558,RPL8,+A,TSS_Ribosomal
R0110,CT-RPL8,pgRNA10557,RPL8,+A,TSS_Ribosomal
R0110,CT-RPL8,pgRNA10556,RPL8,+A,TSS_Ribosomal
R0110,CT-RPL8,pgRNA10555,RPL8,+A,TSS_Ribosomal
R0110,CT-RPL8,pgRNA10553,RPL8,+A,TSS_Ribosomal
R0110,CT-RPL8,pgRNA10678,RPL8,+A,ORF_Ribosomal
R0110,CT-RPL8,pgRNA10554,RPL8,+A,TSS_Ribosomal
R0111,CT-RPS15A,pgRNA10732,RPS15A,+A,TSS
R0111,CT-RPS15A,pgRNA10733,RPS15A,+A,TSS
R0111,CT-RPS15A,pgRNA10734,RPS15A,+A,TSS
R0111,CT-RPS15A,pgRNA10735,RPS15A,+A,TSS
R0111,CT-RPS15A,pgRNA10731,RPS15A,+A,TSS
R0112,CT-RRM2B,pgRNA11090,RRM2B,+R,TSS
R0112,CT-RRM2B,pgRNA10913,RRM2B,+R,ORF
R0112,CT-RRM2B,pgRNA10914,RRM2B,+R,ORF
R0112,CT-RRM2B,pgRNA10915,RRM2B,+R,ORF
R0112,CT-RRM2B,pgRNA10916,RRM2B,+R,ORF
R0112,CT-RRM2B,pgRNA11091,RRM2B,+R,TSS
R0112,CT-RRM2B,pgRNA11092,RRM2B,+R,TSS
R0112,CT-RRM2B,pgRNA11094,RRM2B,+R,TSS
R0112,CT-RRM2B,pgRNA11093,RRM2B,+R,TSS
R0113,CT-SERPINB8,pgRNA11098,SERPINB8,+R,TSS
R0113,CT-SERPINB8,pgRNA10917,SERPINB8,+R,ORF
R0113,CT-SERPINB8,pgRNA10918,SERPINB8,+R,ORF
R0113,CT-SERPINB8,pgRNA10919,SERPINB8,+R,ORF
R0113,CT-SERPINB8,pgRNA10920,SERPINB8,+R,ORF
R0113,CT-SERPINB8,pgRNA10921,SERPINB8,+R,ORF
R0113,CT-SERPINB8,pgRNA11095,SERPINB8,+R,TSS
R0113,CT-SERPINB8,pgRNA11096,SERPINB8,+R,TSS
R0113,CT-SERPINB8,pgRNA11099,SERPINB8,+R,TSS
R0113,CT-SERPINB8,pgRNA11097,SERPINB8,+R,TSS
R0114,CT-SLC24A1,pgRNA10922,SLC24A1,+R,ORF
R0114,CT-SLC24A1,pgRNA10924,SLC24A1,+R,ORF
R0114,CT-SLC24A1,pgRNA11102,SLC24A1,+R,TSS
R0114,CT-SLC24A1,pgRNA10926,SLC24A1,+R,ORF
R0114,CT-SLC24A1,pgRNA11100,SLC24A1,+R,TSS
R0114,CT-SLC24A1,pgRNA11103,SLC24A1,+R,TSS
R0114,CT-SLC24A1,pgRNA11104,SLC24A1,+R,TSS
R0114,CT-SLC24A1,pgRNA10925,SLC24A1,+R,ORF
R0114,CT-SLC24A1,pgRNA11101,SLC24A1,+R,TSS
R0114,CT-SLC24A1,pgRNA10923,SLC24A1,+R,ORF
R0115,CT-SLC6A11,pgRNA11576,SLC6A11,-,PC_introns
R0115,CT-SLC6A11,pgRNA11577,SLC6A11,-,PC_introns
R0115,CT-SLC6A11,pgRNA11578,SLC6A11,-,PC_introns
R0115,CT-SLC6A11,pgRNA11579,SLC6A11,-,PC_introns
R0115,CT-SLC6A11,pgRNA11580,SLC6A11,-,PC_introns
R0115,CT-SLC6A11,pgRNA11581,SLC6A11,-,PC_introns
R0115,CT-SLC6A11,pgRNA11582,SLC6A11,-,PC_introns
R0115,CT-SLC6A11,pgRNA11583,SLC6A11,-,PC_introns
R0115,CT-SLC6A11,pgRNA11575,SLC6A11,-,PC_introns
R0116,CT-SMAD4,pgRNA11109,SMAD4,+R,TSS
R0116,CT-SMAD4,pgRNA11108,SMAD4,+R,TSS
R0116,CT-SMAD4,pgRNA11107,SMAD4,+R,TSS
R0116,CT-SMAD4,pgRNA11105,SMAD4,+R,TSS
R0116,CT-SMAD4,pgRNA10928,SMAD4,+R,ORF
R0116,CT-SMAD4,pgRNA10927,SMAD4,+R,ORF
R0116,CT-SMAD4,pgRNA11106,SMAD4,+R,TSS
R0117,CT-SNAPC5,pgRNA11110,SNAPC5,+R,TSS
R0117,CT-SNAPC5,pgRNA10929,SNAPC5,+R,ORF
R0117,CT-SNAPC5,pgRNA10930,SNAPC5,+R,ORF
R0117,CT-SNAPC5,pgRNA10931,SNAPC5,+R,ORF
R0117,CT-SNAPC5,pgRNA10932,SNAPC5,+R,ORF
R0117,CT-SNAPC5,pgRNA10933,SNAPC5,+R,ORF
R0117,CT-SNAPC5,pgRNA11111,SNAPC5,+R,TSS
R0117,CT-SNAPC5,pgRNA11114,SNAPC5,+R,TSS
R0117,CT-SNAPC5,pgRNA11113,SNAPC5,+R,TSS
R0117,CT-SNAPC5,pgRNA11112,SNAPC5,+R,TSS
R0118,CT-SNRNP200,pgRNA10683,SNRNP200,+A,ORF
R0118,CT-SNRNP200,pgRNA10684,SNRNP200,+A,ORF
R0118,CT-SNRNP200,pgRNA10685,SNRNP200,+A,ORF
R0118,CT-SNRNP200,pgRNA10721,SNRNP200,+A,TSS
R0118,CT-SNRNP200,pgRNA10725,SNRNP200,+A,TSS
R0118,CT-SNRNP200,pgRNA10724,SNRNP200,+A,TSS
R0118,CT-SNRNP200,pgRNA10723,SNRNP200,+A,TSS
R0118,CT-SNRNP200,pgRNA10722,SNRNP200,+A,TSS
R0118,CT-SNRNP200,pgRNA10681,SNRNP200,+A,ORF
R0118,CT-SNRNP200,pgRNA10682,SNRNP200,+A,ORF
R0119,CT-SRGAP2,pgRNA11119,SRGAP2,+R,TSS
R0119,CT-SRGAP2,pgRNA10934,SRGAP2,+R,ORF
R0119,CT-SRGAP2,pgRNA10935,SRGAP2,+R,ORF
R0119,CT-SRGAP2,pgRNA10936,SRGAP2,+R,ORF
R0119,CT-SRGAP2,pgRNA11118,SRGAP2,+R,TSS
R0119,CT-SRGAP2,pgRNA10938,SRGAP2,+R,ORF
R0119,CT-SRGAP2,pgRNA11115,SRGAP2,+R,TSS
R0119,CT-SRGAP2,pgRNA10937,SRGAP2,+R,ORF
R0119,CT-SRGAP2,pgRNA11117,SRGAP2,+R,TSS
R0119,CT-SRGAP2,pgRNA11116,SRGAP2,+R,TSS
R0120,CT-STK11,pgRNA11122,STK11,+R,TSS
R0120,CT-STK11,pgRNA10939,STK11,+R,ORF
R0120,CT-STK11,pgRNA10940,STK11,+R,ORF
R0120,CT-STK11,pgRNA10941,STK11,+R,ORF
R0120,CT-STK11,pgRNA10942,STK11,+R,ORF
R0120,CT-STK11,pgRNA11121,STK11,+R,TSS
R0120,CT-STK11,pgRNA10943,STK11,+R,ORF
R0120,CT-STK11,pgRNA11120,STK11,+R,TSS
R0120,CT-STK11,pgRNA11124,STK11,+R,TSS
R0120,CT-STK11,pgRNA11123,STK11,+R,TSS
R0121,CT-THADA,pgRNA11584,THADA,-,PC_introns
R0121,CT-THADA,pgRNA11593,THADA,-,PC_introns
R0121,CT-THADA,pgRNA11586,THADA,-,PC_introns
R0121,CT-THADA,pgRNA11587,THADA,-,PC_introns
R0121,CT-THADA,pgRNA11588,THADA,-,PC_introns
R0121,CT-THADA,pgRNA11589,THADA,-,PC_introns
R0121,CT-THADA,pgRNA11592,THADA,-,PC_introns
R0121,CT-THADA,pgRNA11585,THADA,-,PC_introns
R0121,CT-THADA,pgRNA11591,THADA,-,PC_introns
R0121,CT-THADA,pgRNA11590,THADA,-,PC_introns
R0122,CT-TP53,pgRNA10730,TP53,+A,TSS
R0122,CT-TP53,pgRNA10726,TP53,+A,TSS
R0122,CT-TP53,pgRNA10727,TP53,+A,TSS
R0122,CT-TP53,pgRNA10728,TP53,+A,TSS
R0122,CT-TP53,pgRNA10729,TP53,+A,TSS
R0123,CT-TRHR,pgRNA11596,TRHR,-,PC_introns
R0123,CT-TRHR,pgRNA11595,TRHR,-,PC_introns
R0123,CT-TRHR,pgRNA11598,TRHR,-,PC_introns
R0123,CT-TRHR,pgRNA11599,TRHR,-,PC_introns
R0123,CT-TRHR,pgRNA11600,TRHR,-,PC_introns
R0123,CT-TRHR,pgRNA11601,TRHR,-,PC_introns
R0123,CT-TRHR,pgRNA11602,TRHR,-,PC_introns
R0123,CT-TRHR,pgRNA11603,TRHR,-,PC_introns
R0123,CT-TRHR,pgRNA11597,TRHR,-,PC_introns
R0123,CT-TRHR,pgRNA11594,TRHR,-,PC_introns
R0124,CT-UCK1,pgRNA11129,UCK1,+R,TSS
R0124,CT-UCK1,pgRNA11128,UCK1,+R,TSS
R0124,CT-UCK1,pgRNA11127,UCK1,+R,TSS
R0124,CT-UCK1,pgRNA11126,UCK1,+R,TSS
R0124,CT-UCK1,pgRNA10947,UCK1,+R,ORF
R0124,CT-UCK1,pgRNA10948,UCK1,+R,ORF
R0124,CT-UCK1,pgRNA10946,UCK1,+R,ORF
R0124,CT-UCK1,pgRNA10945,UCK1,+R,ORF
R0124,CT-UCK1,pgRNA10944,UCK1,+R,ORF
R0124,CT-UCK1,pgRNA11125,UCK1,+R,TSS
R0125,CT-USP24,pgRNA10949,USP24,+R,ORF
R0125,CT-USP24,pgRNA10950,USP24,+R,ORF
R0125,CT-USP24,pgRNA10951,USP24,+R,ORF
R0125,CT-USP24,pgRNA10952,USP24,+R,ORF
R0125,CT-USP24,pgRNA10953,USP24,+R,ORF
R0125,CT-USP24,pgRNA11130,USP24,+R,TSS
R0125,CT-USP24,pgRNA11131,USP24,+R,TSS
R0125,CT-USP24,pgRNA11132,USP24,+R,TSS
R0125,CT-USP24,pgRNA11133,USP24,+R,TSS
R0125,CT-USP24,pgRNA11134,USP24,+R,TSS
R0126,CT-XPA,pgRNA10954,XPA,+R,ORF
R0126,CT-XPA,pgRNA11137,XPA,+R,TSS
R0126,CT-XPA,pgRNA11139,XPA,+R,TSS
R0126,CT-XPA,pgRNA11138,XPA,+R,TSS
R0126,CT-XPA,pgRNA10955,XPA,+R,ORF
R0126,CT-XPA,pgRNA11136,XPA,+R,TSS
R0126,CT-XPA,pgRNA11135,XPA,+R,TSS
R0126,CT-XPA,pgRNA10958,XPA,+R,ORF
R0126,CT-XPA,pgRNA10957,XPA,+R,ORF
R0126,CT-XPA,pgRNA10956,XPA,+R,ORF
R0127,CT-unknown1045,pgRNA11613,unknown1045,-,intergenic
R0127,CT-unknown1045,pgRNA11612,unknown1045,-,intergenic
R0127,CT-unknown1045,pgRNA11611,unknown1045,-,intergenic
R0127,CT-unknown1045,pgRNA11610,unknown1045,-,intergenic
R0127,CT-unknown1045,pgRNA11609,unknown1045,-,intergenic
R0127,CT-unknown1045,pgRNA11608,unknown1045,-,intergenic
R0127,CT-unknown1045,pgRNA11604,unknown1045,-,intergenic
R0127,CT-unknown1045,pgRNA11606,unknown1045,-,intergenic
R0127,CT-unknown1045,pgRNA11605,unknown1045,-,intergenic
R0127,CT-unknown1045,pgRNA11607,unknown1045,-,intergenic
R0128,CT-unknown1065,pgRNA11619,unknown1065,-,intergenic
R0128,CT-unknown1065,pgRNA11622,unknown1065,-,intergenic
R0128,CT-unknown1065,pgRNA11623,unknown1065,-,intergenic
R0128,CT-unknown1065,pgRNA11621,unknown1065,-,intergenic
R0128,CT-unknown1065,pgRNA11620,unknown1065,-,intergenic
R0128,CT-unknown1065,pgRNA11618,unknown1065,-,intergenic
R0128,CT-unknown1065,pgRNA11617,unknown1065,-,intergenic
R0128,CT-unknown1065,pgRNA11616,unknown1065,-,intergenic
R0128,CT-unknown1065,pgRNA11615,unknown1065,-,intergenic
R0128,CT-unknown1065,pgRNA11614,unknown1065,-,intergenic
R0129,CT-unknown1066,pgRNA11632,unknown1066,-,intergenic
R0129,CT-unknown1066,pgRNA11631,unknown1066,-,intergenic
R0129,CT-unknown1066,pgRNA11630,unknown1066,-,intergenic
R0129,CT-unknown1066,pgRNA11629,unknown1066,-,intergenic
R0129,CT-unknown1066,pgRNA11628,unknown1066,-,intergenic
R0129,CT-unknown1066,pgRNA11627,unknown1066,-,intergenic
R0129,CT-unknown1066,pgRNA11626,unknown1066,-,intergenic
R0129,CT-unknown1066,pgRNA11625,unknown1066,-,intergenic
R0129,CT-unknown1066,pgRNA11624,unknown1066,-,intergenic
R0129,CT-unknown1066,pgRNA11633,unknown1066,-,intergenic
R0130,CT-unknown1114,pgRNA11639,unknown1114,-,intergenic
R0130,CT-unknown1114,pgRNA11638,unknown1114,-,intergenic
R0130,CT-unknown1114,pgRNA11637,unknown1114,-,intergenic
R0130,CT-unknown1114,pgRNA11636,unknown1114,-,intergenic
R0130,CT-unknown1114,pgRNA11643,unknown1114,-,intergenic
R0130,CT-unknown1114,pgRNA11634,unknown1114,-,intergenic
R0130,CT-unknown1114,pgRNA11640,unknown1114,-,intergenic
R0130,CT-unknown1114,pgRNA11642,unknown1114,-,intergenic
R0130,CT-unknown1114,pgRNA11635,unknown1114,-,intergenic
R0130,CT-unknown1114,pgRNA11641,unknown1114,-,intergenic
R0131,CT-unknown1115,pgRNA11651,unknown1115,-,intergenic
R0131,CT-unknown1115,pgRNA11650,unknown1115,-,intergenic
R0131,CT-unknown1115,pgRNA11652,unknown1115,-,intergenic
R0131,CT-unknown1115,pgRNA11653,unknown1115,-,intergenic
R0131,CT-unknown1115,pgRNA11649,unknown1115,-,intergenic
R0131,CT-unknown1115,pgRNA11647,unknown1115,-,intergenic
R0131,CT-unknown1115,pgRNA11648,unknown1115,-,intergenic
R0131,CT-unknown1115,pgRNA11646,unknown1115,-,intergenic
R0131,CT-unknown1115,pgRNA11645,unknown1115,-,intergenic
R0131,CT-unknown1115,pgRNA11644,unknown1115,-,intergenic
R0132,CT-unknown1118,pgRNA11654,unknown1118,-,intergenic
R0132,CT-unknown1118,pgRNA11655,unknown1118,-,intergenic
R0132,CT-unknown1118,pgRNA11656,unknown1118,-,intergenic
R0132,CT-unknown1118,pgRNA11657,unknown1118,-,intergenic
R0132,CT-unknown1118,pgRNA11658,unknown1118,-,intergenic
R0132,CT-unknown1118,pgRNA11659,unknown1118,-,intergenic
R0133,CT-unknown1119,pgRNA11669,unknown1119,-,intergenic
R0133,CT-unknown1119,pgRNA11668,unknown1119,-,intergenic
R0133,CT-unknown1119,pgRNA11667,unknown1119,-,intergenic
R0133,CT-unknown1119,pgRNA11666,unknown1119,-,intergenic
R0133,CT-unknown1119,pgRNA11665,unknown1119,-,intergenic
R0133,CT-unknown1119,pgRNA11664,unknown1119,-,intergenic
R0133,CT-unknown1119,pgRNA11660,unknown1119,-,intergenic
R0133,CT-unknown1119,pgRNA11662,unknown1119,-,intergenic
R0133,CT-unknown1119,pgRNA11661,unknown1119,-,intergenic
R0133,CT-unknown1119,pgRNA11663,unknown1119,-,intergenic
R0134,CT-unknown114,pgRNA11675,unknown114,-,intergenic
R0134,CT-unknown114,pgRNA11677,unknown114,-,intergenic
R0134,CT-unknown114,pgRNA11678,unknown114,-,intergenic
R0134,CT-unknown114,pgRNA11679,unknown114,-,intergenic
R0134,CT-unknown114,pgRNA11676,unknown114,-,intergenic
R0134,CT-unknown114,pgRNA11674,unknown114,-,intergenic
R0134,CT-unknown114,pgRNA11670,unknown114,-,intergenic
R0134,CT-unknown114,pgRNA11672,unknown114,-,intergenic
R0134,CT-unknown114,pgRNA11671,unknown114,-,intergenic
R0134,CT-unknown114,pgRNA11673,unknown114,-,intergenic
R0135,CT-unknown119,pgRNA11689,unknown119,-,intergenic
R0135,CT-unknown119,pgRNA11688,unknown119,-,intergenic
R0135,CT-unknown119,pgRNA11687,unknown119,-,intergenic
R0135,CT-unknown119,pgRNA11686,unknown119,-,intergenic
R0135,CT-unknown119,pgRNA11685,unknown119,-,intergenic
R0135,CT-unknown119,pgRNA11684,unknown119,-,intergenic
R0135,CT-unknown119,pgRNA11683,unknown119,-,intergenic
R0135,CT-unknown119,pgRNA11681,unknown119,-,intergenic
R0135,CT-unknown119,pgRNA11680,unknown119,-,intergenic
R0135,CT-unknown119,pgRNA11682,unknown119,-,intergenic
R0136,CT-unknown1243,pgRNA11699,unknown1243,-,intergenic
R0136,CT-unknown1243,pgRNA11698,unknown1243,-,intergenic
R0136,CT-unknown1243,pgRNA11697,unknown1243,-,intergenic
R0136,CT-unknown1243,pgRNA11694,unknown1243,-,intergenic
R0136,CT-unknown1243,pgRNA11696,unknown1243,-,intergenic
R0136,CT-unknown1243,pgRNA11693,unknown1243,-,intergenic
R0136,CT-unknown1243,pgRNA11695,unknown1243,-,intergenic
R0136,CT-unknown1243,pgRNA11691,unknown1243,-,intergenic
R0136,CT-unknown1243,pgRNA11690,unknown1243,-,intergenic
R0136,CT-unknown1243,pgRNA11692,unknown1243,-,intergenic
R0137,CT-unknown1246,pgRNA11709,unknown1246,-,intergenic
R0137,CT-unknown1246,pgRNA11708,unknown1246,-,intergenic
R0137,CT-unknown1246,pgRNA11707,unknown1246,-,intergenic
R0137,CT-unknown1246,pgRNA11706,unknown1246,-,intergenic
R0137,CT-unknown1246,pgRNA11705,unknown1246,-,intergenic
R0137,CT-unknown1246,pgRNA11704,unknown1246,-,intergenic
R0137,CT-unknown1246,pgRNA11703,unknown1246,-,intergenic
R0137,CT-unknown1246,pgRNA11702,unknown1246,-,intergenic
R0137,CT-unknown1246,pgRNA11701,unknown1246,-,intergenic
R0137,CT-unknown1246,pgRNA11700,unknown1246,-,intergenic
R0138,CT-unknown1248,pgRNA11716,unknown1248,-,intergenic
R0138,CT-unknown1248,pgRNA11717,unknown1248,-,intergenic
R0138,CT-unknown1248,pgRNA11719,unknown1248,-,intergenic
R0138,CT-unknown1248,pgRNA11715,unknown1248,-,intergenic
R0138,CT-unknown1248,pgRNA11714,unknown1248,-,intergenic
R0138,CT-unknown1248,pgRNA11713,unknown1248,-,intergenic
R0138,CT-unknown1248,pgRNA11718,unknown1248,-,intergenic
R0138,CT-unknown1248,pgRNA11711,unknown1248,-,intergenic
R0138,CT-unknown1248,pgRNA11710,unknown1248,-,intergenic
R0138,CT-unknown1248,pgRNA11712,unknown1248,-,intergenic
R0139,CT-unknown1249,pgRNA11729,unknown1249,-,intergenic
R0139,CT-unknown1249,pgRNA11727,unknown1249,-,intergenic
R0139,CT-unknown1249,pgRNA11726,unknown1249,-,intergenic
R0139,CT-unknown1249,pgRNA11725,unknown1249,-,intergenic
R0139,CT-unknown1249,pgRNA11724,unknown1249,-,intergenic
R0139,CT-unknown1249,pgRNA11723,unknown1249,-,intergenic
R0139,CT-unknown1249,pgRNA11728,unknown1249,-,intergenic
R0139,CT-unknown1249,pgRNA11721,unknown1249,-,intergenic
R0139,CT-unknown1249,pgRNA11720,unknown1249,-,intergenic
R0139,CT-unknown1249,pgRNA11722,unknown1249,-,intergenic
R0140,CT-unknown1479,pgRNA11738,unknown1479,-,intergenic
R0140,CT-unknown1479,pgRNA11737,unknown1479,-,intergenic
R0140,CT-unknown1479,pgRNA11736,unknown1479,-,intergenic
R0140,CT-unknown1479,pgRNA11735,unknown1479,-,intergenic
R0140,CT-unknown1479,pgRNA11734,unknown1479,-,intergenic
R0140,CT-unknown1479,pgRNA11733,unknown1479,-,intergenic
R0140,CT-unknown1479,pgRNA11731,unknown1479,-,intergenic
R0140,CT-unknown1479,pgRNA11730,unknown1479,-,intergenic
R0140,CT-unknown1479,pgRNA11732,unknown1479,-,intergenic
R0140,CT-unknown1479,pgRNA11739,unknown1479,-,intergenic
R0141,CT-unknown1480,pgRNA11749,unknown1480,-,intergenic
R0141,CT-unknown1480,pgRNA11748,unknown1480,-,intergenic
R0141,CT-unknown1480,pgRNA11747,unknown1480,-,intergenic
R0141,CT-unknown1480,pgRNA11744,unknown1480,-,intergenic
R0141,CT-unknown1480,pgRNA11746,unknown1480,-,intergenic
R0141,CT-unknown1480,pgRNA11745,unknown1480,-,intergenic
R0141,CT-unknown1480,pgRNA11743,unknown1480,-,intergenic
R0141,CT-unknown1480,pgRNA11741,unknown1480,-,intergenic
R0141,CT-unknown1480,pgRNA11740,unknown1480,-,intergenic
R0141,CT-unknown1480,pgRNA11742,unknown1480,-,intergenic
R0142,CT-unknown1483,pgRNA11759,unknown1483,-,intergenic
R0142,CT-unknown1483,pgRNA11758,unknown1483,-,intergenic
R0142,CT-unknown1483,pgRNA11757,unknown1483,-,intergenic
R0142,CT-unknown1483,pgRNA11756,unknown1483,-,intergenic
R0142,CT-unknown1483,pgRNA11755,unknown1483,-,intergenic
R0142,CT-unknown1483,pgRNA11754,unknown1483,-,intergenic
R0142,CT-unknown1483,pgRNA11753,unknown1483,-,intergenic
R0142,CT-unknown1483,pgRNA11752,unknown1483,-,intergenic
R0142,CT-unknown1483,pgRNA11751,unknown1483,-,intergenic
R0142,CT-unknown1483,pgRNA11750,unknown1483,-,intergenic
R0143,CT-unknown1484,pgRNA11767,unknown1484,-,intergenic
R0143,CT-unknown1484,pgRNA11768,unknown1484,-,intergenic
R0143,CT-unknown1484,pgRNA11769,unknown1484,-,intergenic
R0143,CT-unknown1484,pgRNA11766,unknown1484,-,intergenic
R0143,CT-unknown1484,pgRNA11765,unknown1484,-,intergenic
R0143,CT-unknown1484,pgRNA11764,unknown1484,-,intergenic
R0143,CT-unknown1484,pgRNA11763,unknown1484,-,intergenic
R0143,CT-unknown1484,pgRNA11762,unknown1484,-,intergenic
R0143,CT-unknown1484,pgRNA11761,unknown1484,-,intergenic
R0143,CT-unknown1484,pgRNA11760,unknown1484,-,intergenic
R0144,CT-unknown1485,pgRNA11779,unknown1485,-,intergenic
R0144,CT-unknown1485,pgRNA11778,unknown1485,-,intergenic
R0144,CT-unknown1485,pgRNA11777,unknown1485,-,intergenic
R0144,CT-unknown1485,pgRNA11776,unknown1485,-,intergenic
R0144,CT-unknown1485,pgRNA11775,unknown1485,-,intergenic
R0144,CT-unknown1485,pgRNA11774,unknown1485,-,intergenic
R0144,CT-unknown1485,pgRNA11773,unknown1485,-,intergenic
R0144,CT-unknown1485,pgRNA11772,unknown1485,-,intergenic
R0144,CT-unknown1485,pgRNA11771,unknown1485,-,intergenic
R0144,CT-unknown1485,pgRNA11770,unknown1485,-,intergenic
R0145,CT-unknown1486,pgRNA11789,unknown1486,-,intergenic
R0145,CT-unknown1486,pgRNA11788,unknown1486,-,intergenic
R0145,CT-unknown1486,pgRNA11786,unknown1486,-,intergenic
R0145,CT-unknown1486,pgRNA11785,unknown1486,-,intergenic
R0145,CT-unknown1486,pgRNA11784,unknown1486,-,intergenic
R0145,CT-unknown1486,pgRNA11783,unknown1486,-,intergenic
R0145,CT-unknown1486,pgRNA11787,unknown1486,-,intergenic
R0145,CT-unknown1486,pgRNA11781,unknown1486,-,intergenic
R0145,CT-unknown1486,pgRNA11780,unknown1486,-,intergenic
R0145,CT-unknown1486,pgRNA11782,unknown1486,-,intergenic
R0146,CT-unknown1487,pgRNA11799,unknown1487,-,intergenic
R0146,CT-unknown1487,pgRNA11798,unknown1487,-,intergenic
R0146,CT-unknown1487,pgRNA11797,unknown1487,-,intergenic
R0146,CT-unknown1487,pgRNA11796,unknown1487,-,intergenic
R0146,CT-unknown1487,pgRNA11795,unknown1487,-,intergenic
R0146,CT-unknown1487,pgRNA11794,unknown1487,-,intergenic
R0146,CT-unknown1487,pgRNA11793,unknown1487,-,intergenic
R0146,CT-unknown1487,pgRNA11792,unknown1487,-,intergenic
R0146,CT-unknown1487,pgRNA11791,unknown1487,-,intergenic
R0146,CT-unknown1487,pgRNA11790,unknown1487,-,intergenic
R0147,CT-unknown1488,pgRNA11806,unknown1488,-,intergenic
R0147,CT-unknown1488,pgRNA11808,unknown1488,-,intergenic
R0147,CT-unknown1488,pgRNA11809,unknown1488,-,intergenic
R0147,CT-unknown1488,pgRNA11805,unknown1488,-,intergenic
R0147,CT-unknown1488,pgRNA11804,unknown1488,-,intergenic
R0147,CT-unknown1488,pgRNA11803,unknown1488,-,intergenic
R0147,CT-unknown1488,pgRNA11807,unknown1488,-,intergenic
R0147,CT-unknown1488,pgRNA11801,unknown1488,-,intergenic
R0147,CT-unknown1488,pgRNA11800,unknown1488,-,intergenic
R0147,CT-unknown1488,pgRNA11802,unknown1488,-,intergenic
R0148,CT-unknown1587,pgRNA11819,unknown1587,-,intergenic
R0148,CT-unknown1587,pgRNA11818,unknown1587,-,intergenic
R0148,CT-unknown1587,pgRNA11816,unknown1587,-,intergenic
R0148,CT-unknown1587,pgRNA11815,unknown1587,-,intergenic
R0148,CT-unknown1587,pgRNA11814,unknown1587,-,intergenic
R0148,CT-unknown1587,pgRNA11813,unknown1587,-,intergenic
R0148,CT-unknown1587,pgRNA11817,unknown1587,-,intergenic
R0148,CT-unknown1587,pgRNA11811,unknown1587,-,intergenic
R0148,CT-unknown1587,pgRNA11810,unknown1587,-,intergenic
R0148,CT-unknown1587,pgRNA11812,unknown1587,-,intergenic
R0149,CT-unknown1613,pgRNA11829,unknown1613,-,intergenic
R0149,CT-unknown1613,pgRNA11828,unknown1613,-,intergenic
R0149,CT-unknown1613,pgRNA11827,unknown1613,-,intergenic
R0149,CT-unknown1613,pgRNA11826,unknown1613,-,intergenic
R0149,CT-unknown1613,pgRNA11825,unknown1613,-,intergenic
R0149,CT-unknown1613,pgRNA11824,unknown1613,-,intergenic
R0149,CT-unknown1613,pgRNA11822,unknown1613,-,intergenic
R0149,CT-unknown1613,pgRNA11821,unknown1613,-,intergenic
R0149,CT-unknown1613,pgRNA11820,unknown1613,-,intergenic
R0149,CT-unknown1613,pgRNA11823,unknown1613,-,intergenic
R0150,CT-unknown1900,pgRNA11833,unknown1900,-,intergenic
R0150,CT-unknown1900,pgRNA11834,unknown1900,-,intergenic
R0150,CT-unknown1900,pgRNA11835,unknown1900,-,intergenic
R0150,CT-unknown1900,pgRNA11836,unknown1900,-,intergenic
R0150,CT-unknown1900,pgRNA11832,unknown1900,-,intergenic
R0150,CT-unknown1900,pgRNA11837,unknown1900,-,intergenic
R0150,CT-unknown1900,pgRNA11830,unknown1900,-,intergenic
R0150,CT-unknown1900,pgRNA11839,unknown1900,-,intergenic
R0150,CT-unknown1900,pgRNA11831,unknown1900,-,intergenic
R0150,CT-unknown1900,pgRNA11838,unknown1900,-,intergenic
R0151,CT-unknown1905,pgRNA11846,unknown1905,-,intergenic
R0151,CT-unknown1905,pgRNA11847,unknown1905,-,intergenic
R0151,CT-unknown1905,pgRNA11842,unknown1905,-,intergenic
R0151,CT-unknown1905,pgRNA11848,unknown1905,-,intergenic
R0151,CT-unknown1905,pgRNA11849,unknown1905,-,intergenic
R0151,CT-unknown1905,pgRNA11845,unknown1905,-,intergenic
R0151,CT-unknown1905,pgRNA11844,unknown1905,-,intergenic
R0151,CT-unknown1905,pgRNA11840,unknown1905,-,intergenic
R0151,CT-unknown1905,pgRNA11843,unknown1905,-,intergenic
R0151,CT-unknown1905,pgRNA11841,unknown1905,-,intergenic
R0152,CT-unknown2199,pgRNA11859,unknown2199,-,intergenic
R0152,CT-unknown2199,pgRNA11858,unknown2199,-,intergenic
R0152,CT-unknown2199,pgRNA11857,unknown2199,-,intergenic
R0152,CT-unknown2199,pgRNA11856,unknown2199,-,intergenic
R0152,CT-unknown2199,pgRNA11855,unknown2199,-,intergenic
R0152,CT-unknown2199,pgRNA11854,unknown2199,-,intergenic
R0152,CT-unknown2199,pgRNA11853,unknown2199,-,intergenic
R0152,CT-unknown2199,pgRNA11852,unknown2199,-,intergenic
R0152,CT-unknown2199,pgRNA11851,unknown2199,-,intergenic
R0152,CT-unknown2199,pgRNA11850,unknown2199,-,intergenic
R0153,CT-unknown2201,pgRNA11867,unknown2201,-,intergenic
R0153,CT-unknown2201,pgRNA11868,unknown2201,-,intergenic
R0153,CT-unknown2201,pgRNA11869,unknown2201,-,intergenic
R0153,CT-unknown2201,pgRNA11866,unknown2201,-,intergenic
R0153,CT-unknown2201,pgRNA11864,unknown2201,-,intergenic
R0153,CT-unknown2201,pgRNA11863,unknown2201,-,intergenic
R0153,CT-unknown2201,pgRNA11865,unknown2201,-,intergenic
R0153,CT-unknown2201,pgRNA11861,unknown2201,-,intergenic
R0153,CT-unknown2201,pgRNA11860,unknown2201,-,intergenic
R0153,CT-unknown2201,pgRNA11862,unknown2201,-,intergenic
R0154,CT-unknown2204,pgRNA11870,unknown2204,-,intergenic
R0154,CT-unknown2204,pgRNA11871,unknown2204,-,intergenic
R0154,CT-unknown2204,pgRNA11872,unknown2204,-,intergenic
R0155,CT-unknown2205,pgRNA11882,unknown2205,-,intergenic
R0155,CT-unknown2205,pgRNA11881,unknown2205,-,intergenic
R0155,CT-unknown2205,pgRNA11880,unknown2205,-,intergenic
R0155,CT-unknown2205,pgRNA11879,unknown2205,-,intergenic
R0155,CT-unknown2205,pgRNA11878,unknown2205,-,intergenic
R0155,CT-unknown2205,pgRNA11877,unknown2205,-,intergenic
R0155,CT-unknown2205,pgRNA11874,unknown2205,-,intergenic
R0155,CT-unknown2205,pgRNA11875,unknown2205,-,intergenic
R0155,CT-unknown2205,pgRNA11873,unknown2205,-,intergenic
R0155,CT-unknown2205,pgRNA11876,unknown2205,-,intergenic
R0156,CT-unknown2342,pgRNA11892,unknown2342,-,intergenic
R0156,CT-unknown2342,pgRNA11891,unknown2342,-,intergenic
R0156,CT-unknown2342,pgRNA11890,unknown2342,-,intergenic
R0156,CT-unknown2342,pgRNA11887,unknown2342,-,intergenic
R0156,CT-unknown2342,pgRNA11889,unknown2342,-,intergenic
R0156,CT-unknown2342,pgRNA11886,unknown2342,-,intergenic
R0156,CT-unknown2342,pgRNA11888,unknown2342,-,intergenic
R0156,CT-unknown2342,pgRNA11884,unknown2342,-,intergenic
R0156,CT-unknown2342,pgRNA11885,unknown2342,-,intergenic
R0156,CT-unknown2342,pgRNA11883,unknown2342,-,intergenic
R0157,CT-unknown2345,pgRNA11893,unknown2345,-,intergenic
R0157,CT-unknown2345,pgRNA11894,unknown2345,-,intergenic
R0157,CT-unknown2345,pgRNA11895,unknown2345,-,intergenic
R0157,CT-unknown2345,pgRNA11896,unknown2345,-,intergenic
R0157,CT-unknown2345,pgRNA11897,unknown2345,-,intergenic
R0157,CT-unknown2345,pgRNA11898,unknown2345,-,intergenic
R0157,CT-unknown2345,pgRNA11899,unknown2345,-,intergenic
R0158,CT-unknown2370,pgRNA11908,unknown2370,-,intergenic
R0158,CT-unknown2370,pgRNA11907,unknown2370,-,intergenic
R0158,CT-unknown2370,pgRNA11906,unknown2370,-,intergenic
R0158,CT-unknown2370,pgRNA11905,unknown2370,-,intergenic
R0158,CT-unknown2370,pgRNA11904,unknown2370,-,intergenic
R0158,CT-unknown2370,pgRNA11903,unknown2370,-,intergenic
R0158,CT-unknown2370,pgRNA11909,unknown2370,-,intergenic
R0158,CT-unknown2370,pgRNA11901,unknown2370,-,intergenic
R0158,CT-unknown2370,pgRNA11900,unknown2370,-,intergenic
R0158,CT-unknown2370,pgRNA11902,unknown2370,-,intergenic
R0159,CT-unknown2372,pgRNA11919,unknown2372,-,intergenic
R0159,CT-unknown2372,pgRNA11917,unknown2372,-,intergenic
R0159,CT-unknown2372,pgRNA11916,unknown2372,-,intergenic
R0159,CT-unknown2372,pgRNA11915,unknown2372,-,intergenic
R0159,CT-unknown2372,pgRNA11914,unknown2372,-,intergenic
R0159,CT-unknown2372,pgRNA11913,unknown2372,-,intergenic
R0159,CT-unknown2372,pgRNA11918,unknown2372,-,intergenic
R0159,CT-unknown2372,pgRNA11911,unknown2372,-,intergenic
R0159,CT-unknown2372,pgRNA11910,unknown2372,-,intergenic
R0159,CT-unknown2372,pgRNA11912,unknown2372,-,intergenic
R0160,CT-unknown2374,pgRNA11929,unknown2374,-,intergenic
R0160,CT-unknown2374,pgRNA11928,unknown2374,-,intergenic
R0160,CT-unknown2374,pgRNA11927,unknown2374,-,intergenic
R0160,CT-unknown2374,pgRNA11926,unknown2374,-,intergenic
R0160,CT-unknown2374,pgRNA11925,unknown2374,-,intergenic
R0160,CT-unknown2374,pgRNA11924,unknown2374,-,intergenic
R0160,CT-unknown2374,pgRNA11923,unknown2374,-,intergenic
R0160,CT-unknown2374,pgRNA11921,unknown2374,-,intergenic
R0160,CT-unknown2374,pgRNA11920,unknown2374,-,intergenic
R0160,CT-unknown2374,pgRNA11922,unknown2374,-,intergenic
R0161,CT-unknown2375,pgRNA11938,unknown2375,-,intergenic
R0161,CT-unknown2375,pgRNA11937,unknown2375,-,intergenic
R0161,CT-unknown2375,pgRNA11936,unknown2375,-,intergenic
R0161,CT-unknown2375,pgRNA11934,unknown2375,-,intergenic
R0161,CT-unknown2375,pgRNA11935,unknown2375,-,intergenic
R0161,CT-unknown2375,pgRNA11933,unknown2375,-,intergenic
R0161,CT-unknown2375,pgRNA11939,unknown2375,-,intergenic
R0161,CT-unknown2375,pgRNA11931,unknown2375,-,intergenic
R0161,CT-unknown2375,pgRNA11932,unknown2375,-,intergenic
R0161,CT-unknown2375,pgRNA11930,unknown2375,-,intergenic
R0162,CT-unknown2376,pgRNA11944,unknown2376,-,intergenic
R0162,CT-unknown2376,pgRNA11949,unknown2376,-,intergenic
R0162,CT-unknown2376,pgRNA11940,unknown2376,-,intergenic
R0162,CT-unknown2376,pgRNA11941,unknown2376,-,intergenic
R0162,CT-unknown2376,pgRNA11942,unknown2376,-,intergenic
R0162,CT-unknown2376,pgRNA11943,unknown2376,-,intergenic
R0162,CT-unknown2376,pgRNA11948,unknown2376,-,intergenic
R0162,CT-unknown2376,pgRNA11945,unknown2376,-,intergenic
R0162,CT-unknown2376,pgRNA11946,unknown2376,-,intergenic
R0162,CT-unknown2376,pgRNA11947,unknown2376,-,intergenic
R0163,CT-unknown2377,pgRNA11955,unknown2377,-,intergenic
R0163,CT-unknown2377,pgRNA11959,unknown2377,-,intergenic
R0163,CT-unknown2377,pgRNA11956,unknown2377,-,intergenic
R0163,CT-unknown2377,pgRNA11957,unknown2377,-,intergenic
R0163,CT-unknown2377,pgRNA11954,unknown2377,-,intergenic
R0163,CT-unknown2377,pgRNA11953,unknown2377,-,intergenic
R0163,CT-unknown2377,pgRNA11958,unknown2377,-,intergenic
R0163,CT-unknown2377,pgRNA11951,unknown2377,-,intergenic
R0163,CT-unknown2377,pgRNA11950,unknown2377,-,intergenic
R0163,CT-unknown2377,pgRNA11952,unknown2377,-,intergenic
R0164,CT-unknown2578,pgRNA11969,unknown2578,-,intergenic
R0164,CT-unknown2578,pgRNA11967,unknown2578,-,intergenic
R0164,CT-unknown2578,pgRNA11966,unknown2578,-,intergenic
R0164,CT-unknown2578,pgRNA11965,unknown2578,-,intergenic
R0164,CT-unknown2578,pgRNA11964,unknown2578,-,intergenic
R0164,CT-unknown2578,pgRNA11963,unknown2578,-,intergenic
R0164,CT-unknown2578,pgRNA11968,unknown2578,-,intergenic
R0164,CT-unknown2578,pgRNA11961,unknown2578,-,intergenic
R0164,CT-unknown2578,pgRNA11960,unknown2578,-,intergenic
R0164,CT-unknown2578,pgRNA11962,unknown2578,-,intergenic
R0165,CT-unknown2590,pgRNA11979,unknown2590,-,intergenic
R0165,CT-unknown2590,pgRNA11978,unknown2590,-,intergenic
R0165,CT-unknown2590,pgRNA11977,unknown2590,-,intergenic
R0165,CT-unknown2590,pgRNA11976,unknown2590,-,intergenic
R0165,CT-unknown2590,pgRNA11975,unknown2590,-,intergenic
R0165,CT-unknown2590,pgRNA11974,unknown2590,-,intergenic
R0165,CT-unknown2590,pgRNA11973,unknown2590,-,intergenic
R0165,CT-unknown2590,pgRNA11971,unknown2590,-,intergenic
R0165,CT-unknown2590,pgRNA11970,unknown2590,-,intergenic
R0165,CT-unknown2590,pgRNA11972,unknown2590,-,intergenic
R0166,CT-unknown2593,pgRNA11986,unknown2593,-,intergenic
R0166,CT-unknown2593,pgRNA11987,unknown2593,-,intergenic
R0166,CT-unknown2593,pgRNA11984,unknown2593,-,intergenic
R0166,CT-unknown2593,pgRNA11988,unknown2593,-,intergenic
R0166,CT-unknown2593,pgRNA11985,unknown2593,-,intergenic
R0166,CT-unknown2593,pgRNA11989,unknown2593,-,intergenic
R0166,CT-unknown2593,pgRNA11983,unknown2593,-,intergenic
R0166,CT-unknown2593,pgRNA11981,unknown2593,-,intergenic
R0166,CT-unknown2593,pgRNA11980,unknown2593,-,intergenic
R0166,CT-unknown2593,pgRNA11982,unknown2593,-,intergenic
R0167,CT-unknown2620,pgRNA11999,unknown2620,-,intergenic
R0167,CT-unknown2620,pgRNA11998,unknown2620,-,intergenic
R0167,CT-unknown2620,pgRNA11997,unknown2620,-,intergenic
R0167,CT-unknown2620,pgRNA11996,unknown2620,-,intergenic
R0167,CT-unknown2620,pgRNA11995,unknown2620,-,intergenic
R0167,CT-unknown2620,pgRNA11994,unknown2620,-,intergenic
R0167,CT-unknown2620,pgRNA11993,unknown2620,-,intergenic
R0167,CT-unknown2620,pgRNA11992,unknown2620,-,intergenic
R0167,CT-unknown2620,pgRNA11991,unknown2620,-,intergenic
R0167,CT-unknown2620,pgRNA11990,unknown2620,-,intergenic
R0168,CT-unknown264,pgRNA12006,unknown264,-,intergenic
R0168,CT-unknown264,pgRNA12007,unknown264,-,intergenic
R0168,CT-unknown264,pgRNA12009,unknown264,-,intergenic
R0168,CT-unknown264,pgRNA12005,unknown264,-,intergenic
R0168,CT-unknown264,pgRNA12004,unknown264,-,intergenic
R0168,CT-unknown264,pgRNA12003,unknown264,-,intergenic
R0168,CT-unknown264,pgRNA12008,unknown264,-,intergenic
R0168,CT-unknown264,pgRNA12001,unknown264,-,intergenic
R0168,CT-unknown264,pgRNA12000,unknown264,-,intergenic
R0168,CT-unknown264,pgRNA12002,unknown264,-,intergenic
R0169,CT-unknown265,pgRNA12019,unknown265,-,intergenic
R0169,CT-unknown265,pgRNA12017,unknown265,-,intergenic
R0169,CT-unknown265,pgRNA12016,unknown265,-,intergenic
R0169,CT-unknown265,pgRNA12015,unknown265,-,intergenic
R0169,CT-unknown265,pgRNA12014,unknown265,-,intergenic
R0169,CT-unknown265,pgRNA12013,unknown265,-,intergenic
R0169,CT-unknown265,pgRNA12018,unknown265,-,intergenic
R0169,CT-unknown265,pgRNA12011,unknown265,-,intergenic
R0169,CT-unknown265,pgRNA12010,unknown265,-,intergenic
R0169,CT-unknown265,pgRNA12012,unknown265,-,intergenic
R0170,CT-unknown271,pgRNA12029,unknown271,-,intergenic
R0170,CT-unknown271,pgRNA12028,unknown271,-,intergenic
R0170,CT-unknown271,pgRNA12027,unknown271,-,intergenic
R0170,CT-unknown271,pgRNA12026,unknown271,-,intergenic
R0170,CT-unknown271,pgRNA12025,unknown271,-,intergenic
R0170,CT-unknown271,pgRNA12024,unknown271,-,intergenic
R0170,CT-unknown271,pgRNA12023,unknown271,-,intergenic
R0170,CT-unknown271,pgRNA12021,unknown271,-,intergenic
R0170,CT-unknown271,pgRNA12020,unknown271,-,intergenic
R0170,CT-unknown271,pgRNA12022,unknown271,-,intergenic
R0171,CT-unknown273,pgRNA12037,unknown273,-,intergenic
R0171,CT-unknown273,pgRNA12038,unknown273,-,intergenic
R0171,CT-unknown273,pgRNA12039,unknown273,-,intergenic
R0171,CT-unknown273,pgRNA12034,unknown273,-,intergenic
R0171,CT-unknown273,pgRNA12036,unknown273,-,intergenic
R0171,CT-unknown273,pgRNA12035,unknown273,-,intergenic
R0171,CT-unknown273,pgRNA12033,unknown273,-,intergenic
R0171,CT-unknown273,pgRNA12030,unknown273,-,intergenic
R0171,CT-unknown273,pgRNA12031,unknown273,-,intergenic
R0171,CT-unknown273,pgRNA12032,unknown273,-,intergenic
R0172,CT-unknown274,pgRNA12049,unknown274,-,intergenic
R0172,CT-unknown274,pgRNA12048,unknown274,-,intergenic
R0172,CT-unknown274,pgRNA12047,unknown274,-,intergenic
R0172,CT-unknown274,pgRNA12046,unknown274,-,intergenic
R0172,CT-unknown274,pgRNA12045,unknown274,-,intergenic
R0172,CT-unknown274,pgRNA12044,unknown274,-,intergenic
R0172,CT-unknown274,pgRNA12043,unknown274,-,intergenic
R0172,CT-unknown274,pgRNA12042,unknown274,-,intergenic
R0172,CT-unknown274,pgRNA12041,unknown274,-,intergenic
R0172,CT-unknown274,pgRNA12040,unknown274,-,intergenic
R0173,CT-unknown275,pgRNA12057,unknown275,-,intergenic
R0173,CT-unknown275,pgRNA12058,unknown275,-,intergenic
R0173,CT-unknown275,pgRNA12059,unknown275,-,intergenic
R0173,CT-unknown275,pgRNA12056,unknown275,-,intergenic
R0173,CT-unknown275,pgRNA12055,unknown275,-,intergenic
R0173,CT-unknown275,pgRNA12054,unknown275,-,intergenic
R0173,CT-unknown275,pgRNA12053,unknown275,-,intergenic
R0173,CT-unknown275,pgRNA12052,unknown275,-,intergenic
R0173,CT-unknown275,pgRNA12051,unknown275,-,intergenic
R0173,CT-unknown275,pgRNA12050,unknown275,-,intergenic
R0174,CT-unknown276,pgRNA12069,unknown276,-,intergenic
R0174,CT-unknown276,pgRNA12068,unknown276,-,intergenic
R0174,CT-unknown276,pgRNA12067,unknown276,-,intergenic
R0174,CT-unknown276,pgRNA12066,unknown276,-,intergenic
R0174,CT-unknown276,pgRNA12065,unknown276,-,intergenic
R0174,CT-unknown276,pgRNA12064,unknown276,-,intergenic
R0174,CT-unknown276,pgRNA12063,unknown276,-,intergenic
R0174,CT-unknown276,pgRNA12062,unknown276,-,intergenic
R0174,CT-unknown276,pgRNA12061,unknown276,-,intergenic
R0174,CT-unknown276,pgRNA12060,unknown276,-,intergenic
R0175,CT-unknown278,pgRNA12079,unknown278,-,intergenic
R0175,CT-unknown278,pgRNA12077,unknown278,-,intergenic
R0175,CT-unknown278,pgRNA12076,unknown278,-,intergenic
R0175,CT-unknown278,pgRNA12075,unknown278,-,intergenic
R0175,CT-unknown278,pgRNA12074,unknown278,-,intergenic
R0175,CT-unknown278,pgRNA12073,unknown278,-,intergenic
R0175,CT-unknown278,pgRNA12078,unknown278,-,intergenic
R0175,CT-unknown278,pgRNA12071,unknown278,-,intergenic
R0175,CT-unknown278,pgRNA12070,unknown278,-,intergenic
R0175,CT-unknown278,pgRNA12072,unknown278,-,intergenic
R0176,CT-unknown2804,pgRNA12089,unknown2804,-,intergenic
R0176,CT-unknown2804,pgRNA12088,unknown2804,-,intergenic
R0176,CT-unknown2804,pgRNA12087,unknown2804,-,intergenic
R0176,CT-unknown2804,pgRNA12086,unknown2804,-,intergenic
R0176,CT-unknown2804,pgRNA12085,unknown2804,-,intergenic
R0176,CT-unknown2804,pgRNA12084,unknown2804,-,intergenic
R0176,CT-unknown2804,pgRNA12083,unknown2804,-,intergenic
R0176,CT-unknown2804,pgRNA12082,unknown2804,-,intergenic
R0176,CT-unknown2804,pgRNA12081,unknown2804,-,intergenic
R0176,CT-unknown2804,pgRNA12080,unknown2804,-,intergenic
R0177,CT-unknown2805,pgRNA12096,unknown2805,-,intergenic
R0177,CT-unknown2805,pgRNA12097,unknown2805,-,intergenic
R0177,CT-unknown2805,pgRNA12099,unknown2805,-,intergenic
R0177,CT-unknown2805,pgRNA12095,unknown2805,-,intergenic
R0177,CT-unknown2805,pgRNA12094,unknown2805,-,intergenic
R0177,CT-unknown2805,pgRNA12093,unknown2805,-,intergenic
R0177,CT-unknown2805,pgRNA12098,unknown2805,-,intergenic
R0177,CT-unknown2805,pgRNA12091,unknown2805,-,intergenic
R0177,CT-unknown2805,pgRNA12090,unknown2805,-,intergenic
R0177,CT-unknown2805,pgRNA12092,unknown2805,-,intergenic
R0178,CT-unknown288,pgRNA12109,unknown288,-,intergenic
R0178,CT-unknown288,pgRNA12107,unknown288,-,intergenic
R0178,CT-unknown288,pgRNA12106,unknown288,-,intergenic
R0178,CT-unknown288,pgRNA12105,unknown288,-,intergenic
R0178,CT-unknown288,pgRNA12104,unknown288,-,intergenic
R0178,CT-unknown288,pgRNA12103,unknown288,-,intergenic
R0178,CT-unknown288,pgRNA12108,unknown288,-,intergenic
R0178,CT-unknown288,pgRNA12101,unknown288,-,intergenic
R0178,CT-unknown288,pgRNA12100,unknown288,-,intergenic
R0178,CT-unknown288,pgRNA12102,unknown288,-,intergenic
R0179,CT-unknown291,pgRNA12119,unknown291,-,intergenic
R0179,CT-unknown291,pgRNA12118,unknown291,-,intergenic
R0179,CT-unknown291,pgRNA12117,unknown291,-,intergenic
R0179,CT-unknown291,pgRNA12116,unknown291,-,intergenic
R0179,CT-unknown291,pgRNA12115,unknown291,-,intergenic
R0179,CT-unknown291,pgRNA12114,unknown291,-,intergenic
R0179,CT-unknown291,pgRNA12113,unknown291,-,intergenic
R0179,CT-unknown291,pgRNA12111,unknown291,-,intergenic
R0179,CT-unknown291,pgRNA12110,unknown291,-,intergenic
R0179,CT-unknown291,pgRNA12112,unknown291,-,intergenic
R0180,CT-unknown3099,pgRNA12128,unknown3099,-,intergenic
R0180,CT-unknown3099,pgRNA12124,unknown3099,-,intergenic
R0180,CT-unknown3099,pgRNA12127,unknown3099,-,intergenic
R0180,CT-unknown3099,pgRNA12126,unknown3099,-,intergenic
R0180,CT-unknown3099,pgRNA12129,unknown3099,-,intergenic
R0180,CT-unknown3099,pgRNA12123,unknown3099,-,intergenic
R0180,CT-unknown3099,pgRNA12125,unknown3099,-,intergenic
R0180,CT-unknown3099,pgRNA12121,unknown3099,-,intergenic
R0180,CT-unknown3099,pgRNA12122,unknown3099,-,intergenic
R0180,CT-unknown3099,pgRNA12120,unknown3099,-,intergenic
R0181,CT-unknown462,pgRNA12130,unknown462,-,intergenic
R0181,CT-unknown462,pgRNA12131,unknown462,-,intergenic
R0181,CT-unknown462,pgRNA12132,unknown462,-,intergenic
R0181,CT-unknown462,pgRNA12133,unknown462,-,intergenic
R0181,CT-unknown462,pgRNA12134,unknown462,-,intergenic
R0181,CT-unknown462,pgRNA12135,unknown462,-,intergenic
R0181,CT-unknown462,pgRNA12136,unknown462,-,intergenic
R0181,CT-unknown462,pgRNA12137,unknown462,-,intergenic
R0182,CT-unknown464,pgRNA12147,unknown464,-,intergenic
R0182,CT-unknown464,pgRNA12146,unknown464,-,intergenic
R0182,CT-unknown464,pgRNA12145,unknown464,-,intergenic
R0182,CT-unknown464,pgRNA12144,unknown464,-,intergenic
R0182,CT-unknown464,pgRNA12143,unknown464,-,intergenic
R0182,CT-unknown464,pgRNA12142,unknown464,-,intergenic
R0182,CT-unknown464,pgRNA12138,unknown464,-,intergenic
R0182,CT-unknown464,pgRNA12140,unknown464,-,intergenic
R0182,CT-unknown464,pgRNA12139,unknown464,-,intergenic
R0182,CT-unknown464,pgRNA12141,unknown464,-,intergenic
R0183,CT-unknown465,pgRNA12153,unknown465,-,intergenic
R0183,CT-unknown465,pgRNA12155,unknown465,-,intergenic
R0183,CT-unknown465,pgRNA12156,unknown465,-,intergenic
R0183,CT-unknown465,pgRNA12154,unknown465,-,intergenic
R0183,CT-unknown465,pgRNA12157,unknown465,-,intergenic
R0183,CT-unknown465,pgRNA12152,unknown465,-,intergenic
R0183,CT-unknown465,pgRNA12148,unknown465,-,intergenic
R0183,CT-unknown465,pgRNA12150,unknown465,-,intergenic
R0183,CT-unknown465,pgRNA12149,unknown465,-,intergenic
R0183,CT-unknown465,pgRNA12151,unknown465,-,intergenic
R0184,CT-unknown466,pgRNA12167,unknown466,-,intergenic
R0184,CT-unknown466,pgRNA12166,unknown466,-,intergenic
R0184,CT-unknown466,pgRNA12165,unknown466,-,intergenic
R0184,CT-unknown466,pgRNA12164,unknown466,-,intergenic
R0184,CT-unknown466,pgRNA12163,unknown466,-,intergenic
R0184,CT-unknown466,pgRNA12162,unknown466,-,intergenic
R0184,CT-unknown466,pgRNA12161,unknown466,-,intergenic
R0184,CT-unknown466,pgRNA12159,unknown466,-,intergenic
R0184,CT-unknown466,pgRNA12158,unknown466,-,intergenic
R0184,CT-unknown466,pgRNA12160,unknown466,-,intergenic
R0185,CT-unknown475,pgRNA12176,unknown475,-,intergenic
R0185,CT-unknown475,pgRNA12175,unknown475,-,intergenic
R0185,CT-unknown475,pgRNA12174,unknown475,-,intergenic
R0185,CT-unknown475,pgRNA12172,unknown475,-,intergenic
R0185,CT-unknown475,pgRNA12173,unknown475,-,intergenic
R0185,CT-unknown475,pgRNA12177,unknown475,-,intergenic
R0185,CT-unknown475,pgRNA12170,unknown475,-,intergenic
R0185,CT-unknown475,pgRNA12169,unknown475,-,intergenic
R0185,CT-unknown475,pgRNA12168,unknown475,-,intergenic
R0185,CT-unknown475,pgRNA12171,unknown475,-,intergenic
R0186,CT-unknown600,pgRNA12185,unknown600,-,intergenic
R0186,CT-unknown600,pgRNA12184,unknown600,-,intergenic
R0186,CT-unknown600,pgRNA12183,unknown600,-,intergenic
R0186,CT-unknown600,pgRNA12182,unknown600,-,intergenic
R0186,CT-unknown600,pgRNA12181,unknown600,-,intergenic
R0186,CT-unknown600,pgRNA12180,unknown600,-,intergenic
R0186,CT-unknown600,pgRNA12179,unknown600,-,intergenic
R0186,CT-unknown600,pgRNA12178,unknown600,-,intergenic
R0187,CT-unknown602,pgRNA12192,unknown602,-,intergenic
R0187,CT-unknown602,pgRNA12193,unknown602,-,intergenic
R0187,CT-unknown602,pgRNA12195,unknown602,-,intergenic
R0187,CT-unknown602,pgRNA12191,unknown602,-,intergenic
R0187,CT-unknown602,pgRNA12190,unknown602,-,intergenic
R0187,CT-unknown602,pgRNA12189,unknown602,-,intergenic
R0187,CT-unknown602,pgRNA12194,unknown602,-,intergenic
R0187,CT-unknown602,pgRNA12187,unknown602,-,intergenic
R0187,CT-unknown602,pgRNA12186,unknown602,-,intergenic
R0187,CT-unknown602,pgRNA12188,unknown602,-,intergenic
R0188,CT-unknown604,pgRNA12205,unknown604,-,intergenic
R0188,CT-unknown604,pgRNA12204,unknown604,-,intergenic
R0188,CT-unknown604,pgRNA12202,unknown604,-,intergenic
R0188,CT-unknown604,pgRNA12201,unknown604,-,intergenic
R0188,CT-unknown604,pgRNA12200,unknown604,-,intergenic
R0188,CT-unknown604,pgRNA12199,unknown604,-,intergenic
R0188,CT-unknown604,pgRNA12203,unknown604,-,intergenic
R0188,CT-unknown604,pgRNA12197,unknown604,-,intergenic
R0188,CT-unknown604,pgRNA12196,unknown604,-,intergenic
R0188,CT-unknown604,pgRNA12198,unknown604,-,intergenic
R0189,CT-unknown612,pgRNA12214,unknown612,-,intergenic
R0189,CT-unknown612,pgRNA12213,unknown612,-,intergenic
R0189,CT-unknown612,pgRNA12212,unknown612,-,intergenic
R0189,CT-unknown612,pgRNA12211,unknown612,-,intergenic
R0189,CT-unknown612,pgRNA12210,unknown612,-,intergenic
R0189,CT-unknown612,pgRNA12209,unknown612,-,intergenic
R0189,CT-unknown612,pgRNA12208,unknown612,-,intergenic
R0189,CT-unknown612,pgRNA12206,unknown612,-,intergenic
R0189,CT-unknown612,pgRNA12215,unknown612,-,intergenic
R0189,CT-unknown612,pgRNA12207,unknown612,-,intergenic
R0190,CT-unknown846,pgRNA12220,unknown846,-,intergenic
R0190,CT-unknown846,pgRNA12219,unknown846,-,intergenic
R0190,CT-unknown846,pgRNA12218,unknown846,-,intergenic
R0190,CT-unknown846,pgRNA12217,unknown846,-,intergenic
R0190,CT-unknown846,pgRNA12223,unknown846,-,intergenic
R0190,CT-unknown846,pgRNA12225,unknown846,-,intergenic
R0190,CT-unknown846,pgRNA12224,unknown846,-,intergenic
R0190,CT-unknown846,pgRNA12221,unknown846,-,intergenic
R0190,CT-unknown846,pgRNA12216,unknown846,-,intergenic
R0190,CT-unknown846,pgRNA12222,unknown846,-,intergenic
R0191,CT-unknown847,pgRNA12232,unknown847,-,intergenic
R0191,CT-unknown847,pgRNA12230,unknown847,-,intergenic
R0191,CT-unknown847,pgRNA12231,unknown847,-,intergenic
R0191,CT-unknown847,pgRNA12233,unknown847,-,intergenic
R0191,CT-unknown847,pgRNA12229,unknown847,-,intergenic
R0191,CT-unknown847,pgRNA12235,unknown847,-,intergenic
R0191,CT-unknown847,pgRNA12227,unknown847,-,intergenic
R0191,CT-unknown847,pgRNA12226,unknown847,-,intergenic
R0191,CT-unknown847,pgRNA12234,unknown847,-,intergenic
R0191,CT-unknown847,pgRNA12228,unknown847,-,intergenic
R0617,DF-ENSG00000130600:CDE0002514,pgRNA3613,H19,+R,TSS
R0617,DF-ENSG00000130600:CDE0002514,pgRNA3611,H19,+R,TSS
R0617,DF-ENSG00000130600:CDE0002514,pgRNA3608,H19,+R,TSS
